Soil_Type,pH,Temperature,Humidity,Rainfall,Crop
Clayey,7.39,33.6,66.3,1261.8,Sugarcane
Black,7.22,28.0,53.6,446.6,Black Gram
Sandy,6.19,29.1,73.7,1707.1,Coconut
Alluvial,7.35,34.6,85.4,1995.2,Jute
Alluvial,6.37,28.8,82.3,1646.6,Paddy
Red,5.78,26.2,50.4,448.2,Millets
Loamy,7.22,16.2,39.3,558.3,Wheat
Laterite,4.69,18.1,85.5,2467.5,Tea
Black,6.87,32.6,52.7,492.4,Black Gram
Red,5.53,25.6,35.1,382.9,Millets
Black,7.09,22.6,39.0,364.1,Chickpea
Loamy,6.8,17.4,45.9,411.9,Wheat
Red,6.75,25.8,63.7,756.0,Maize
Sandy,6.27,27.4,72.6,1633.9,Coconut
Black,7.28,28.2,53.4,870.7,Cotton
Laterite,5.81,23.7,74.1,1777.1,Coffee
Red,5.61,28.6,42.5,443.2,Millets
Clayey,6.86,25.9,46.5,438.1,Black Gram
Black,8.09,29.6,55.5,822.3,Cotton
Clayey,6.42,29.1,51.6,509.4,Black Gram
Alluvial,6.67,27.6,73.3,1867.5,Coconut
Laterite,5.4,22.2,79.0,1824.7,Coffee
Red,6.17,22.7,68.4,635.9,Maize
Laterite,4.82,16.4,86.9,2483.3,Tea
Clayey,7.12,33.8,84.1,1925.0,Jute
Red,5.91,23.6,46.9,445.8,Millets
Loamy,5.8,20.4,67.7,1730.0,Coffee
Red,5.88,27.6,36.1,413.1,Millets
Laterite,4.74,19.8,87.8,2336.7,Tea
Alluvial,6.74,23.8,69.1,1959.1,Coconut
Laterite,5.82,20.0,75.8,1810.8,Coffee
Black,7.07,16.7,47.3,351.6,Chickpea
Clayey,6.94,26.9,52.2,477.4,Black Gram
Black,6.61,30.2,61.9,374.7,Black Gram
Loamy,6.65,29.0,77.6,1266.6,Banana
Black,7.5,30.4,48.2,812.6,Cotton
Clayey,6.22,27.6,79.4,1902.1,Paddy
Red,6.64,25.5,61.6,729.0,Maize
Clayey,6.73,33.6,87.2,1958.5,Jute
Alluvial,6.89,30.8,84.3,1881.8,Jute
Loamy,6.45,31.8,78.9,1278.1,Banana
Red,6.22,25.2,57.8,482.9,Groundnut
Clayey,7.22,30.2,88.4,1896.8,Jute
Sandy,6.34,28.2,69.8,1487.7,Coconut
Loamy,7.36,32.3,72.0,1497.6,Sugarcane
Black,7.28,18.9,46.4,377.4,Chickpea
Loamy,6.55,24.9,63.3,721.0,Maize
Sandy,6.43,29.7,76.7,1808.2,Coconut
Alluvial,6.96,20.0,47.8,511.3,Wheat
Sandy,6.23,30.9,68.3,1729.8,Coconut
Clayey,6.57,32.3,73.8,1289.9,Sugarcane
Clayey,6.75,36.9,87.3,1770.9,Jute
Red,6.58,30.7,52.6,604.4,Groundnut
Red,5.91,20.7,77.2,1837.1,Coffee
Laterite,5.15,17.7,89.1,2295.0,Tea
Loamy,6.47,14.8,49.1,491.6,Wheat
Alluvial,6.73,33.0,83.6,1296.2,Sugarcane
Alluvial,6.53,29.7,82.3,1408.2,Banana
Alluvial,6.96,29.9,70.5,1707.9,Coconut
Red,6.04,25.7,43.6,362.1,Millets
Clayey,7.04,29.3,56.3,408.3,Black Gram
Red,6.25,30.6,57.3,631.1,Groundnut
Alluvial,7.19,32.5,83.7,1954.4,Jute
Loamy,7.77,17.9,48.0,339.7,Chickpea
Alluvial,6.85,30.2,86.0,1698.0,Jute
Clayey,7.69,31.0,70.5,1343.8,Sugarcane
Alluvial,7.25,31.1,85.9,1768.2,Jute
Red,5.71,19.1,77.6,1961.5,Coffee
Laterite,5.6,20.5,81.9,1813.5,Coffee
Alluvial,7.4,18.3,47.4,591.3,Wheat
Clayey,7.3,30.4,55.1,502.1,Black Gram
Clayey,6.56,28.2,85.3,1723.2,Paddy
Loamy,7.46,17.0,51.4,521.1,Wheat
Loamy,7.51,30.2,76.7,1449.3,Sugarcane
Clayey,6.75,27.1,76.4,1487.8,Banana
Alluvial,6.47,34.2,83.6,1745.0,Jute
Alluvial,6.44,28.1,68.2,685.3,Maize
Red,6.32,29.8,50.1,706.3,Groundnut
Loamy,7.03,20.1,42.1,316.3,Chickpea
Red,5.55,18.4,76.1,1760.2,Coffee
Alluvial,6.2,25.5,69.4,1922.9,Coconut
Laterite,4.59,19.9,95.1,2390.1,Tea
Loamy,7.15,16.8,45.2,367.8,Chickpea
Alluvial,6.36,20.2,54.4,583.4,Wheat
Loamy,6.99,20.3,38.8,337.6,Chickpea
Loamy,6.56,29.0,78.3,1418.2,Banana
Alluvial,7.1,16.6,40.8,406.4,Wheat
Loamy,6.58,28.0,75.6,1420.5,Sugarcane
Clayey,6.42,29.9,77.5,1572.7,Paddy
Black,6.85,29.1,53.3,504.9,Black Gram
Alluvial,6.2,28.5,80.7,1813.7,Paddy
Clayey,7.28,33.0,80.5,1631.2,Sugarcane
Laterite,5.07,18.9,91.1,2461.9,Tea
Loamy,6.8,30.7,78.4,1512.1,Sugarcane
Loamy,7.37,18.9,33.9,465.6,Chickpea
Sandy,6.24,22.9,54.5,653.1,Groundnut
Red,5.97,25.1,51.5,337.1,Millets
Loamy,6.77,29.9,64.7,835.6,Maize
Loamy,6.95,29.2,55.9,576.7,Black Gram
Alluvial,6.28,36.8,91.9,1934.1,Jute
Alluvial,6.53,31.9,79.6,1452.2,Banana
Black,7.44,22.0,35.7,319.7,Chickpea
Sandy,6.26,28.7,52.4,620.3,Groundnut
Clayey,7.3,34.4,72.3,1397.8,Sugarcane
Loamy,7.54,30.9,53.9,506.9,Black Gram
Loamy,6.66,26.0,77.3,1474.4,Banana
Loamy,6.49,17.2,55.6,479.5,Wheat
Sandy,6.82,27.0,76.5,1588.0,Coconut
Sandy,6.3,26.4,55.4,606.8,Groundnut
Laterite,5.98,31.0,52.7,423.2,Millets
Sandy,6.06,26.5,55.1,680.3,Groundnut
Loamy,6.63,27.1,67.7,759.9,Maize
Loamy,6.26,28.8,79.2,1297.8,Banana
Laterite,5.65,24.5,71.3,1548.0,Coffee
Laterite,5.17,16.1,82.1,2296.9,Tea
Sandy,5.93,25.5,46.9,508.1,Millets
Loamy,6.75,28.2,73.4,1532.1,Banana
Laterite,4.97,20.0,85.2,2303.4,Tea
Red,6.55,27.8,57.8,547.3,Groundnut
Alluvial,6.86,31.5,78.5,1717.2,Coconut
Alluvial,7.38,29.0,73.4,1754.9,Coconut
Clayey,7.18,32.1,82.9,2032.0,Jute
Laterite,6.03,18.6,73.6,1626.4,Coffee
Alluvial,6.84,27.2,64.9,789.0,Maize
Alluvial,6.13,30.6,84.9,1533.5,Paddy
Black,8.01,19.7,40.4,372.1,Chickpea
Loamy,7.01,18.6,38.5,415.2,Chickpea
Loamy,6.92,27.5,68.5,765.0,Maize
Red,6.14,27.4,72.9,1823.8,Coconut
Black,7.67,18.9,46.0,386.4,Chickpea
Loamy,7.08,16.4,44.3,557.3,Wheat
Sandy,6.81,25.2,54.6,649.2,Groundnut
Alluvial,6.26,29.9,84.0,1747.8,Paddy
Alluvial,6.46,25.5,85.1,1445.0,Paddy
Loamy,6.25,14.9,46.1,471.4,Wheat
Loamy,6.99,27.5,47.4,414.9,Black Gram
Laterite,5.33,19.3,87.7,2296.2,Tea
Laterite,4.68,19.3,87.0,2241.3,Tea
Black,6.98,28.6,48.5,461.2,Black Gram
Alluvial,7.26,31.4,86.7,1623.7,Jute
Black,7.15,30.0,61.9,850.3,Cotton
Loamy,6.58,26.0,80.4,1389.8,Banana
Alluvial,6.66,25.1,86.5,1535.6,Paddy
Alluvial,6.87,31.3,70.0,1173.4,Sugarcane
Clayey,6.6,25.4,85.8,1805.2,Paddy
Sandy,5.86,30.5,46.8,440.0,Millets
Red,6.76,24.5,65.8,853.4,Maize
Alluvial,6.74,23.4,85.9,1538.2,Paddy
Loamy,6.49,33.9,73.8,1325.3,Sugarcane
Sandy,5.93,25.9,57.9,602.8,Groundnut
Black,7.49,21.3,41.3,439.0,Chickpea
Clayey,7.12,30.4,69.2,1420.5,Sugarcane
Alluvial,6.26,28.7,81.2,1459.6,Paddy
Loamy,6.35,22.3,68.0,729.9,Maize
Loamy,6.75,25.1,64.2,672.6,Maize
Clayey,6.65,29.0,86.7,1832.6,Jute
Red,5.4,23.3,75.9,1929.3,Coffee
Alluvial,6.8,32.3,84.1,1765.5,Jute
Clayey,7.11,35.5,71.4,1723.5,Sugarcane
Loamy,5.07,16.6,88.3,2434.1,Tea
Loamy,6.84,29.8,51.6,608.0,Black Gram
Loamy,6.51,21.2,44.8,467.1,Wheat
Black,7.56,28.2,58.7,831.2,Cotton
Laterite,5.83,19.7,73.8,1782.0,Coffee
Black,7.31,18.6,39.7,432.5,Chickpea
Sandy,6.45,27.1,60.5,540.8,Groundnut
Alluvial,7.34,29.2,78.4,1311.8,Sugarcane
Black,7.88,19.1,36.8,362.9,Chickpea
Clayey,6.56,32.1,73.4,1228.3,Sugarcane
Sandy,6.95,28.0,76.2,1785.7,Coconut
Loamy,6.99,32.4,56.4,409.9,Black Gram
Loamy,6.19,25.1,68.5,856.1,Maize
Red,7.02,26.1,61.7,699.7,Maize
Clayey,6.76,30.2,79.1,1211.6,Sugarcane
Sandy,7.18,27.4,48.0,428.7,Groundnut
Loamy,7.29,18.7,52.8,280.2,Chickpea
Clayey,6.57,25.1,88.5,1625.2,Paddy
Loamy,4.93,17.0,86.5,2440.8,Tea
Alluvial,6.68,27.8,74.6,1833.1,Coconut
Loamy,7.63,18.7,38.8,407.0,Chickpea
Loamy,7.3,19.4,42.6,386.7,Chickpea
Alluvial,6.64,30.2,84.2,2055.2,Jute
Alluvial,6.9,31.2,83.4,1291.5,Banana
Red,6.36,29.8,38.7,451.2,Millets
Black,7.29,24.1,59.9,567.5,Black Gram
Alluvial,7.65,29.1,56.2,889.0,Cotton
Clayey,7.7,32.9,56.7,425.6,Black Gram
Clayey,6.63,29.7,81.4,1677.2,Paddy
Loamy,6.91,29.3,72.4,1295.6,Sugarcane
Clayey,6.47,31.7,77.3,1779.4,Paddy
Red,6.21,26.6,65.0,1729.0,Coconut
Alluvial,7.22,30.4,73.9,1414.6,Sugarcane
Alluvial,6.89,34.4,85.0,1918.8,Jute
Loamy,6.93,25.7,71.3,840.7,Maize
Clayey,6.57,29.3,90.2,1973.0,Jute
Laterite,4.91,17.8,89.6,2287.4,Tea
Black,7.26,27.6,59.9,706.1,Cotton
Red,5.81,28.4,60.8,672.0,Groundnut
Loamy,5.21,18.2,82.4,2416.4,Tea
Alluvial,6.9,18.6,48.7,502.3,Wheat
Alluvial,6.79,34.7,70.6,1437.7,Sugarcane
Alluvial,6.58,32.8,81.0,1798.1,Jute
Red,6.03,26.7,44.6,406.2,Millets
Alluvial,7.23,29.1,58.8,756.0,Cotton
Black,7.69,31.8,57.3,850.4,Cotton
Clayey,7.15,31.4,68.5,1303.7,Sugarcane
Loamy,7.2,30.3,47.1,453.1,Black Gram
Clayey,6.46,30.4,79.9,1719.2,Sugarcane
Black,8.04,26.6,56.9,857.8,Cotton
Sandy,6.32,32.0,81.5,2040.8,Coconut
Laterite,5.45,22.7,77.3,1750.9,Coffee
Loamy,7.02,27.5,53.5,530.1,Black Gram
Red,6.3,27.7,67.7,869.3,Maize
Red,5.84,22.8,75.4,1817.7,Coffee
Laterite,5.22,19.8,87.3,2410.1,Tea
Loamy,7.48,16.1,47.9,400.0,Chickpea
Loamy,5.98,25.0,66.5,712.5,Maize
Clayey,7.13,31.2,78.5,1904.4,Jute
Loamy,6.52,32.4,56.0,527.3,Black Gram
Alluvial,6.62,17.6,51.0,571.7,Wheat
Black,7.14,31.7,56.1,817.5,Cotton
Red,5.6,17.1,80.9,1759.4,Coffee
Alluvial,5.79,27.3,78.1,1626.6,Paddy
Sandy,6.33,24.7,43.1,384.5,Millets
Clayey,7.21,28.1,54.1,415.7,Black Gram
Loamy,6.87,26.3,47.7,388.1,Black Gram
Alluvial,7.16,17.5,52.3,510.2,Wheat
Clayey,6.61,23.4,81.9,1581.5,Paddy
Red,6.9,24.3,61.9,714.1,Maize
Clayey,7.04,32.3,84.2,1743.8,Jute
Alluvial,6.96,18.5,47.0,564.9,Wheat
Black,6.8,27.7,52.1,837.9,Cotton
Black,6.97,19.5,36.7,359.8,Chickpea
Alluvial,6.78,29.6,81.3,1371.5,Banana
Clayey,6.27,30.9,74.7,1869.2,Paddy
Loamy,6.56,28.3,67.4,746.3,Maize
Alluvial,6.57,15.8,41.7,532.8,Wheat
Sandy,6.81,27.3,45.8,710.7,Groundnut
Sandy,6.62,25.7,55.7,489.6,Groundnut
Sandy,6.56,28.6,50.5,610.1,Groundnut
Loamy,6.31,29.1,53.3,476.1,Black Gram
Loamy,6.9,29.3,84.9,1452.5,Banana
Red,6.04,23.0,55.9,546.1,Groundnut
Clayey,6.58,34.5,86.5,1750.9,Jute
Laterite,5.92,24.4,78.2,1928.9,Coffee
Sandy,6.89,27.2,76.8,1770.5,Coconut
Clayey,6.34,28.0,82.7,1616.2,Paddy
Alluvial,7.13,17.7,47.5,448.4,Wheat
Clayey,6.93,29.6,78.8,1364.9,Banana
Loamy,7.23,30.0,55.1,477.1,Black Gram
Laterite,5.74,20.5,74.9,1596.2,Coffee
Loamy,7.11,19.6,47.9,576.9,Wheat
Sandy,6.09,28.0,45.8,380.6,Millets
Laterite,5.69,21.0,76.4,1881.1,Coffee
Red,6.77,25.5,48.3,436.8,Millets
Laterite,5.94,23.5,72.8,1816.6,Coffee
Sandy,6.76,26.7,73.1,1683.6,Coconut
Black,6.5,19.0,43.6,387.5,Chickpea
Red,5.45,16.0,73.6,1620.7,Coffee
Black,6.6,31.5,58.9,465.4,Black Gram
Alluvial,6.34,27.2,82.2,1349.8,Banana
Black,7.21,27.9,66.5,742.4,Cotton
Black,8.3,26.5,54.7,832.6,Cotton
Loamy,7.15,31.4,50.9,417.8,Black Gram
Black,7.58,26.5,58.8,865.6,Cotton
Loamy,6.92,16.0,45.3,481.0,Wheat
Alluvial,6.39,23.0,64.0,741.4,Maize
Red,5.95,25.9,53.6,591.7,Groundnut
Black,7.66,27.4,60.2,920.0,Cotton
Alluvial,6.27,33.7,75.9,1475.8,Sugarcane
Loamy,6.44,26.0,67.2,770.5,Maize
Loamy,6.48,26.4,67.4,770.1,Maize
Alluvial,6.25,22.8,66.5,756.4,Maize
Alluvial,6.53,35.4,85.3,2011.3,Jute
Alluvial,6.86,33.8,82.6,1739.5,Jute
Clayey,6.65,38.0,89.2,1941.7,Jute
Loamy,7.44,19.4,48.5,365.7,Chickpea
Loamy,7.11,23.9,64.2,746.6,Maize
Sandy,6.14,27.8,54.1,485.2,Groundnut
Alluvial,7.08,33.6,89.0,1629.2,Jute
Clayey,6.87,30.5,77.5,1409.9,Sugarcane
Loamy,6.8,28.3,49.3,533.7,Black Gram
Loamy,6.69,27.0,80.9,1452.3,Banana
Black,7.1,18.0,44.6,334.2,Chickpea
Laterite,5.26,18.8,87.8,2189.5,Tea
Laterite,5.3,20.0,72.7,1746.2,Coffee
Red,6.48,28.9,60.6,582.1,Groundnut
Clayey,6.52,26.0,76.2,1570.1,Paddy
Sandy,6.7,28.5,73.4,1784.2,Coconut
Alluvial,6.91,29.1,71.8,1359.1,Sugarcane
Black,7.15,30.0,57.2,725.7,Cotton
Red,6.31,30.2,63.1,683.4,Maize
Loamy,7.25,32.2,49.3,471.4,Black Gram
Black,7.26,23.3,45.6,359.4,Chickpea
Clayey,6.39,29.2,78.2,1893.0,Paddy
Alluvial,6.15,26.5,79.5,1901.7,Paddy
Loamy,5.87,20.6,77.6,1854.8,Coffee
Alluvial,7.4,24.0,84.4,1931.4,Paddy
Alluvial,6.71,30.2,84.2,1870.8,Paddy
Alluvial,7.96,29.8,61.3,710.3,Cotton
Loamy,7.42,30.8,69.7,1477.2,Sugarcane
Loamy,6.47,17.3,46.4,501.5,Wheat
Clayey,7.17,32.3,66.4,1449.4,Sugarcane
Laterite,4.84,20.4,87.5,2404.8,Tea
Black,7.59,33.5,54.4,790.8,Cotton
Loamy,7.3,25.7,65.0,853.1,Maize
Clayey,6.97,34.3,84.2,1806.0,Jute
Sandy,6.24,26.6,56.2,675.4,Groundnut
Laterite,6.02,20.5,70.7,1867.3,Coffee
Clayey,6.41,27.6,91.2,1385.5,Paddy
Black,7.76,20.3,44.7,380.1,Chickpea
Sandy,7.18,25.8,45.1,395.0,Millets
Red,6.67,25.7,45.8,343.1,Millets
Black,7.41,15.2,40.8,349.0,Chickpea
Alluvial,6.09,32.0,78.9,1453.5,Banana
Red,5.65,31.9,47.9,506.9,Millets
Alluvial,6.15,24.2,75.6,1740.0,Paddy
Red,6.08,27.6,51.4,426.6,Millets
Alluvial,6.84,30.7,89.6,1868.1,Jute
Sandy,6.65,28.5,80.4,1828.4,Coconut
Alluvial,7.05,17.2,47.5,653.9,Wheat
Loamy,5.93,21.9,72.4,1959.3,Coffee
Red,6.44,25.5,45.9,498.4,Millets
Loamy,6.68,25.2,69.0,707.7,Maize
Black,7.05,20.6,41.8,412.6,Chickpea
Loamy,5.84,20.5,68.3,1808.4,Coffee
Loamy,7.28,33.0,76.5,1187.9,Sugarcane
Alluvial,6.59,18.5,41.7,528.8,Wheat
Alluvial,6.88,27.0,81.9,1312.4,Banana
Sandy,6.16,27.4,53.7,653.4,Groundnut
Sandy,6.14,25.8,73.1,1883.3,Coconut
Clayey,6.23,26.7,84.2,1730.2,Paddy
Alluvial,6.55,28.9,70.5,1749.4,Coconut
Alluvial,7.27,30.7,54.2,919.0,Cotton
Alluvial,6.68,23.3,61.4,782.1,Maize
Sandy,6.04,27.8,55.1,482.0,Groundnut
Red,6.37,30.9,51.1,424.1,Millets
Loamy,6.35,28.4,64.0,720.3,Maize
Clayey,7.6,29.1,88.3,1892.3,Jute
Alluvial,6.96,17.2,49.6,513.6,Wheat
Clayey,6.5,29.5,79.0,1428.3,Paddy
Loamy,6.43,24.3,66.6,712.3,Maize
Loamy,6.96,17.1,39.5,567.6,Wheat
Alluvial,6.97,17.3,53.3,511.9,Wheat
Loamy,7.11,30.6,51.8,467.1,Black Gram
Alluvial,6.2,29.0,75.1,1856.5,Coconut
Clayey,7.19,30.8,83.5,2063.8,Jute
Black,7.5,16.7,43.6,328.3,Chickpea
Laterite,4.64,17.2,87.3,2333.0,Tea
Loamy,6.66,23.3,56.6,767.7,Maize
Red,6.37,25.1,58.7,847.2,Maize
Laterite,5.02,19.3,86.0,2268.6,Tea
Alluvial,6.57,18.6,51.9,468.0,Wheat
Red,5.85,29.3,42.5,365.9,Millets
Alluvial,6.56,27.7,77.6,1384.6,Banana
Red,6.41,23.6,72.0,692.3,Maize
Red,7.15,29.2,79.4,1671.8,Coconut
Laterite,4.93,20.1,84.4,2478.2,Tea
Loamy,6.61,18.2,43.8,529.6,Wheat
Red,6.21,27.9,69.1,803.1,Maize
Alluvial,6.72,32.7,76.1,1305.2,Sugarcane
Loamy,7.03,32.4,75.4,1519.7,Sugarcane
Clayey,6.69,28.2,84.2,1509.8,Paddy
Loamy,6.31,26.6,66.8,816.6,Maize
Clayey,6.79,28.9,82.0,1439.8,Banana
Alluvial,7.99,28.9,58.1,835.3,Cotton
Alluvial,6.75,16.8,47.9,616.9,Wheat
Red,6.05,30.2,46.8,361.8,Millets
Sandy,6.44,28.4,51.6,563.5,Groundnut
Loamy,6.83,30.2,46.2,432.6,Black Gram
Black,7.78,28.2,68.0,899.7,Cotton
Clayey,6.23,28.6,77.5,1836.1,Paddy
Laterite,5.24,16.0,92.0,2277.5,Tea
Sandy,6.99,32.3,81.2,1707.4,Coconut
Red,5.84,24.6,44.0,464.2,Millets
Loamy,6.92,16.1,51.8,700.0,Wheat
Sandy,6.17,27.3,53.6,622.9,Groundnut
Clayey,7.42,27.1,46.3,487.6,Black Gram
Black,7.35,22.5,39.1,355.0,Chickpea
Black,7.28,28.2,60.7,839.4,Cotton
Red,6.72,25.0,61.6,672.7,Maize
Alluvial,7.2,30.5,70.8,1147.4,Sugarcane
Black,7.23,32.7,60.3,753.3,Cotton
Laterite,5.18,17.8,92.2,2319.8,Tea
Loamy,6.47,30.5,82.6,1304.3,Banana
Loamy,4.91,18.0,87.7,2178.7,Tea
Clayey,7.81,33.5,66.2,1408.5,Sugarcane
Clayey,6.66,27.0,82.9,1478.4,Paddy
Alluvial,6.59,34.7,88.0,1889.6,Jute
Loamy,6.28,25.9,78.5,1673.0,Banana
Loamy,6.02,18.2,53.5,602.5,Wheat
Red,6.0,25.5,49.9,582.3,Groundnut
Red,6.21,24.5,51.6,408.0,Millets
Loamy,6.45,22.0,62.5,871.7,Maize
Red,6.73,27.9,48.7,464.9,Millets
Black,7.61,20.2,47.9,354.8,Chickpea
Red,5.54,24.3,46.5,431.3,Millets
Alluvial,6.94,32.0,89.7,1748.1,Jute
Clayey,6.11,30.5,81.9,1711.6,Paddy
Sandy,6.61,31.6,75.3,2059.3,Coconut
Clayey,6.95,32.9,86.5,1859.7,Jute
Alluvial,6.99,25.5,76.4,1420.7,Banana
Sandy,6.12,23.7,56.6,584.9,Groundnut
Alluvial,6.78,17.1,51.0,455.6,Wheat
Black,7.56,18.9,37.9,418.7,Chickpea
Sandy,6.49,28.4,63.3,750.0,Groundnut
Laterite,5.13,21.7,92.4,2290.0,Tea
Alluvial,6.69,29.8,82.6,1147.8,Sugarcane
Loamy,6.79,26.5,84.5,1417.0,Banana
Clayey,6.88,30.6,74.8,1350.4,Sugarcane
Alluvial,6.47,30.3,78.9,1301.7,Banana
Alluvial,7.12,33.3,84.3,1720.0,Jute
Sandy,6.32,28.9,53.2,680.4,Groundnut
Alluvial,6.28,28.0,80.9,1711.1,Paddy
Laterite,4.71,17.2,84.9,2341.7,Tea
Sandy,6.1,25.7,75.3,1893.3,Coconut
Clayey,6.71,16.7,46.3,471.6,Wheat
Alluvial,7.3,17.1,44.2,451.4,Wheat
Sandy,6.85,26.9,75.9,1870.1,Coconut
Black,7.22,20.3,43.6,377.4,Chickpea
Alluvial,6.3,32.9,85.7,1866.9,Jute
Loamy,6.09,22.1,62.4,792.1,Maize
Red,6.53,23.2,60.3,705.4,Maize
Red,6.77,26.4,69.1,797.7,Maize
Red,5.63,16.1,74.5,1744.1,Coffee
Clayey,5.5,24.3,79.5,1668.6,Paddy
Sandy,6.53,28.8,53.9,567.2,Groundnut
Sandy,6.57,26.5,80.3,1859.7,Coconut
Loamy,7.78,33.4,76.7,1229.0,Sugarcane
Black,7.34,31.8,59.7,783.0,Cotton
Alluvial,7.43,33.8,72.1,1422.5,Sugarcane
Alluvial,6.44,34.5,84.7,1669.4,Jute
Alluvial,6.85,31.0,85.2,1856.9,Jute
Red,5.63,18.4,74.4,1541.5,Coffee
Loamy,6.67,27.9,52.3,434.7,Black Gram
Red,6.64,26.9,57.7,587.0,Groundnut
Alluvial,6.83,27.5,82.7,1572.3,Paddy
Loamy,6.93,32.1,79.8,1636.6,Banana
Loamy,6.2,27.2,71.1,1258.9,Sugarcane
Alluvial,7.08,33.4,74.5,1382.1,Sugarcane
Laterite,5.35,16.8,87.4,2299.6,Tea
Loamy,6.34,25.8,62.5,889.1,Maize
Loamy,5.99,27.0,59.8,663.1,Maize
Clayey,6.58,28.6,83.6,1974.6,Jute
Laterite,4.74,20.1,85.8,2390.5,Tea
Loamy,7.11,30.8,75.0,1185.1,Sugarcane
Sandy,6.58,30.3,71.0,1811.9,Coconut
Alluvial,6.6,17.6,49.2,390.9,Wheat
Loamy,6.89,19.4,42.2,524.6,Wheat
Clayey,6.8,29.9,52.9,414.8,Black Gram
Loamy,6.74,19.6,53.6,407.1,Wheat
Clayey,6.22,27.1,82.5,1749.2,Paddy
Alluvial,6.33,24.7,81.9,1681.3,Paddy
Red,6.82,28.1,72.9,1985.2,Coconut
Alluvial,7.39,31.0,86.5,1881.1,Jute
Clayey,7.45,34.0,77.8,1474.8,Sugarcane
Black,7.18,29.3,60.0,819.4,Cotton
Sandy,6.75,28.0,51.7,603.6,Groundnut
Laterite,6.86,27.8,44.9,406.2,Millets
Loamy,6.51,23.5,64.5,773.1,Maize
Red,6.1,25.5,60.1,703.3,Maize
Clayey,6.45,28.6,78.4,1405.6,Banana
Alluvial,7.2,32.1,83.7,1901.3,Jute
Laterite,5.06,17.0,86.2,2423.3,Tea
Loamy,6.93,24.7,63.5,699.7,Maize
Laterite,4.86,15.6,92.0,2335.5,Tea
Black,7.03,20.8,44.9,423.9,Chickpea
Sandy,6.45,31.3,78.6,1657.6,Coconut
Alluvial,6.67,30.0,80.3,1434.3,Banana
Laterite,5.38,18.7,90.0,2132.3,Tea
Alluvial,7.13,31.3,87.5,1898.2,Jute
Laterite,5.02,16.6,88.0,2505.8,Tea
Alluvial,7.06,26.6,82.3,1681.4,Paddy
Alluvial,5.63,26.6,84.2,1982.3,Coconut
Alluvial,6.48,28.5,77.7,1530.8,Banana
Loamy,7.03,31.1,54.3,504.0,Black Gram
Loamy,5.84,24.8,62.5,878.3,Maize
Black,7.19,25.5,50.0,880.9,Cotton
Alluvial,6.57,17.5,52.4,542.2,Wheat
Sandy,6.26,28.9,72.3,1846.0,Coconut
Red,5.46,23.1,74.6,1591.0,Coffee
Laterite,5.17,21.0,94.6,2291.3,Tea
Red,5.63,30.6,40.9,377.6,Millets
Laterite,5.28,20.9,77.5,1617.2,Coffee
Laterite,5.34,19.3,87.9,2398.7,Tea
Clayey,6.81,28.6,54.0,458.2,Black Gram
Alluvial,6.17,28.3,80.4,1625.8,Paddy
Red,5.38,29.4,33.4,416.8,Millets
Laterite,4.85,19.7,89.0,2343.3,Tea
Clayey,7.11,28.3,55.9,496.0,Black Gram
Alluvial,7.31,32.9,86.4,1663.6,Jute
Red,5.4,19.4,80.5,1737.0,Coffee
Loamy,6.93,32.5,61.6,451.1,Black Gram
Red,5.74,20.4,75.4,1674.6,Coffee
Alluvial,7.03,30.3,76.6,1414.8,Banana
Alluvial,6.62,30.3,76.5,1491.8,Sugarcane
Loamy,6.41,30.9,61.3,613.3,Black Gram
Laterite,5.06,17.3,86.1,2221.1,Tea
Loamy,6.26,27.6,82.5,1481.5,Banana
Clayey,6.7,35.8,73.0,1226.4,Sugarcane
Alluvial,5.6,28.9,73.9,1806.3,Coconut
Clayey,6.57,29.0,85.1,1374.2,Banana
Alluvial,6.9,31.9,88.3,1800.7,Jute
Sandy,6.32,28.8,48.6,464.2,Millets
Black,7.56,20.0,42.5,474.5,Chickpea
Red,6.12,27.4,40.5,458.4,Millets
Clayey,6.92,28.9,76.9,1435.4,Sugarcane
Laterite,4.49,17.8,88.5,2469.3,Tea
Clayey,6.99,27.9,52.9,571.7,Black Gram
Alluvial,7.46,26.4,55.5,736.0,Cotton
Black,7.75,28.7,51.4,834.9,Cotton
Red,5.98,27.3,45.3,560.9,Groundnut
Loamy,5.21,23.8,77.0,1862.4,Coffee
Alluvial,6.33,29.3,85.5,1715.3,Jute
Alluvial,6.39,18.9,48.8,587.6,Wheat
Red,6.52,26.3,56.2,452.6,Groundnut
Loamy,6.33,17.5,58.4,545.6,Wheat
Laterite,4.79,18.4,80.9,2301.4,Tea
Sandy,6.68,30.3,73.4,1753.4,Coconut
Laterite,5.95,21.0,76.7,1761.4,Coffee
Loamy,6.87,30.9,53.5,457.0,Black Gram
Laterite,5.29,20.9,73.3,1610.6,Coffee
Black,7.92,31.8,54.9,771.3,Cotton
Clayey,6.88,25.8,56.2,412.6,Black Gram
Sandy,6.23,29.6,52.4,529.8,Groundnut
Laterite,4.76,16.7,87.5,2396.5,Tea
Laterite,5.08,19.5,85.6,2505.4,Tea
Loamy,7.13,27.2,60.9,707.4,Maize
Loamy,6.31,25.5,60.6,835.3,Maize
Alluvial,6.35,26.5,71.0,1713.6,Coconut
Loamy,6.17,27.0,66.0,815.3,Maize
Clayey,7.31,15.2,54.8,350.0,Wheat
Alluvial,7.46,33.2,86.2,2172.8,Jute
Laterite,5.08,21.1,70.0,1593.9,Coffee
Black,7.63,24.6,54.5,1050.0,Cotton
Sandy,5.83,27.4,45.0,351.7,Millets
Sandy,6.74,26.2,60.4,629.0,Groundnut
Black,7.98,29.2,63.9,935.8,Cotton
Red,6.9,23.6,53.7,541.7,Groundnut
Alluvial,7.49,31.8,87.6,2003.3,Jute
Black,7.15,28.4,57.3,684.9,Cotton
Alluvial,6.68,28.5,67.4,2001.7,Coconut
Sandy,5.89,30.1,73.5,1533.7,Coconut
Loamy,6.03,24.0,75.2,1633.9,Coffee
Alluvial,6.25,32.3,86.2,1805.3,Jute
Loamy,7.2,32.4,59.5,462.9,Black Gram
Alluvial,6.73,32.7,85.4,1684.4,Jute
Clayey,7.51,30.3,79.6,1367.9,Sugarcane
Loamy,6.39,25.5,79.0,1396.1,Banana
Red,5.78,19.9,75.7,1735.9,Coffee
Loamy,6.38,26.8,60.4,733.4,Maize
Alluvial,7.02,37.4,80.0,1883.6,Jute
Red,6.58,24.4,62.6,520.1,Groundnut
Black,7.34,29.5,62.5,929.0,Cotton
Loamy,7.19,19.7,30.0,372.0,Chickpea
Red,5.75,27.4,54.1,637.8,Groundnut
Red,6.51,26.7,65.3,745.7,Maize
Black,7.82,31.0,61.7,748.8,Cotton
Alluvial,6.76,15.5,53.1,604.7,Wheat
Black,7.4,27.5,55.8,951.2,Cotton
Clayey,6.54,28.6,85.9,1579.7,Paddy
Laterite,5.75,22.6,70.8,1734.3,Coffee
Clayey,6.59,26.3,88.3,1653.8,Paddy
Clayey,6.81,30.7,79.6,1575.8,Banana
Loamy,6.63,17.8,47.7,487.1,Wheat
Red,5.8,29.1,49.2,467.2,Millets
Alluvial,7.05,32.5,82.3,1891.7,Jute
Loamy,7.35,29.4,72.8,1484.7,Sugarcane
Loamy,5.68,20.4,71.6,1935.8,Coffee
Loamy,7.23,21.8,40.8,339.4,Chickpea
Laterite,5.24,18.2,92.6,2345.7,Tea
Black,7.7,28.8,61.0,865.4,Cotton
Black,7.33,29.8,43.2,533.4,Black Gram
Alluvial,7.43,29.7,72.9,1351.7,Sugarcane
Sandy,5.91,25.8,56.4,444.0,Groundnut
Black,8.0,29.9,56.9,898.3,Cotton
Laterite,5.98,20.2,81.3,1666.5,Coffee
Loamy,6.45,24.7,62.4,765.4,Maize
Alluvial,6.23,33.2,76.5,1252.5,Sugarcane
Alluvial,7.03,30.4,81.7,1643.3,Paddy
Alluvial,6.16,28.2,72.3,1768.5,Coconut
Laterite,5.0,19.3,86.8,2463.9,Tea
Laterite,4.56,15.8,90.3,2442.5,Tea
Loamy,7.09,17.1,48.3,514.1,Wheat
Red,6.08,28.0,38.7,408.8,Millets
Sandy,6.03,26.2,58.9,627.9,Groundnut
Laterite,5.0,16.9,90.6,2529.6,Tea
Clayey,6.89,26.2,77.5,1571.8,Paddy
Alluvial,6.53,16.7,47.0,546.9,Wheat
Alluvial,7.12,33.0,83.2,1941.3,Jute
Red,5.85,19.7,81.4,1659.6,Coffee
Loamy,6.71,32.5,82.0,1587.6,Banana
Alluvial,7.29,29.3,57.3,807.0,Cotton
Alluvial,7.05,20.6,49.3,626.5,Wheat
Red,5.81,28.9,55.6,444.8,Millets
Loamy,7.51,20.1,38.7,382.7,Chickpea
Loamy,6.32,31.0,86.5,1474.2,Banana
Sandy,5.73,22.1,49.5,452.8,Millets
Clayey,6.47,26.7,85.8,1705.1,Paddy
Laterite,5.13,17.9,84.4,2422.9,Tea
Black,7.65,21.3,36.9,339.2,Chickpea
Sandy,5.74,28.6,54.7,617.4,Groundnut
Loamy,6.47,27.5,84.6,1479.2,Banana
Sandy,6.13,26.2,48.1,403.3,Millets
Loamy,7.09,24.9,67.4,603.9,Maize
Loamy,6.91,32.1,48.9,475.2,Black Gram
Laterite,5.55,21.1,73.8,1858.4,Coffee
Red,5.83,26.5,41.4,430.7,Millets
Alluvial,6.91,34.4,70.8,1158.1,Sugarcane
Loamy,7.2,30.8,67.5,1365.7,Sugarcane
Red,5.35,20.8,81.8,2052.8,Coffee
Loamy,6.47,29.2,81.0,1309.1,Banana
Sandy,6.63,29.9,55.0,601.6,Groundnut
Red,5.72,27.1,45.9,451.8,Millets
Red,6.39,27.0,45.8,351.1,Millets
Loamy,6.89,26.6,70.2,1435.7,Banana
Black,7.52,29.5,49.8,864.3,Cotton
Loamy,6.63,20.4,49.7,526.5,Wheat
Laterite,4.87,18.6,91.7,2402.2,Tea
Sandy,6.62,27.4,76.6,1955.3,Coconut
Loamy,6.71,16.5,43.7,548.1,Wheat
Loamy,7.27,32.1,71.3,1293.8,Sugarcane
Black,7.44,18.3,39.0,430.1,Chickpea
Alluvial,6.76,24.5,75.7,1798.6,Coconut
Sandy,6.24,27.8,55.2,663.5,Groundnut
Laterite,4.4,20.9,90.0,2267.1,Tea
Loamy,6.64,27.0,75.8,1340.3,Banana
Black,7.02,16.8,47.7,367.6,Chickpea
Red,6.61,25.7,67.8,863.8,Maize
Loamy,6.58,24.9,66.2,717.0,Maize
Sandy,5.86,27.0,55.1,606.1,Groundnut
Clayey,7.27,31.6,52.1,507.6,Black Gram
Black,7.09,28.3,53.5,393.7,Black Gram
Sandy,6.53,26.1,60.3,599.3,Groundnut
Alluvial,6.49,36.3,79.6,1898.7,Jute
Red,5.66,23.4,76.7,1912.7,Coffee
Loamy,7.02,29.8,80.7,1425.9,Banana
Loamy,7.17,18.6,47.8,355.3,Chickpea
Loamy,6.91,22.2,46.6,575.1,Wheat
Sandy,6.34,24.5,54.4,631.8,Groundnut
Loamy,7.37,18.5,42.5,371.5,Chickpea
Loamy,7.16,16.7,52.6,499.4,Wheat
Clayey,7.05,29.6,85.6,1582.4,Paddy
Clayey,6.37,28.7,83.9,1356.1,Banana
Laterite,5.94,27.0,49.1,416.5,Millets
Clayey,7.17,26.7,71.2,1321.5,Sugarcane
Laterite,5.79,21.3,73.5,1550.7,Coffee
Clayey,6.57,27.1,51.3,482.8,Black Gram
Clayey,5.92,27.3,80.1,1796.2,Paddy
Alluvial,6.86,31.2,81.6,1434.9,Banana
Alluvial,6.65,30.8,83.4,1787.0,Jute
Loamy,7.0,23.2,67.2,856.5,Maize
Clayey,7.44,18.4,52.6,460.8,Wheat
Laterite,5.54,20.8,73.3,1710.3,Coffee
Alluvial,7.54,26.3,58.3,862.9,Cotton
Laterite,5.3,18.4,87.3,2370.5,Tea
Alluvial,7.0,28.0,79.9,1457.5,Banana
Sandy,5.84,27.1,43.3,491.7,Millets
Laterite,5.25,19.5,73.9,2041.1,Coffee
Black,7.39,24.8,59.2,876.8,Cotton
Loamy,6.07,23.2,62.6,783.7,Maize
Clayey,6.59,25.9,79.3,1740.8,Paddy
Black,7.05,18.6,46.1,439.9,Chickpea
Sandy,7.03,26.5,80.2,1400.0,Coconut
Loamy,6.78,19.1,43.6,390.5,Chickpea
Red,5.45,22.6,80.2,1674.4,Coffee
Black,8.03,31.6,52.6,792.0,Cotton
Red,6.6,24.9,66.4,659.9,Maize
Black,7.5,28.0,56.4,708.8,Cotton
Sandy,5.98,23.8,59.0,540.6,Groundnut
Loamy,6.93,29.7,54.1,530.5,Black Gram
Black,7.86,30.2,50.8,707.6,Cotton
Sandy,6.11,23.5,54.8,713.9,Groundnut
Alluvial,6.13,28.8,85.2,1536.9,Banana
Sandy,6.89,28.2,73.9,1789.7,Coconut
Red,6.36,29.1,48.1,522.3,Millets
Loamy,7.17,18.3,50.2,495.4,Wheat
Loamy,6.97,28.2,81.1,1337.2,Banana
Laterite,5.86,26.2,49.4,405.0,Millets
Black,7.41,28.3,58.2,815.2,Cotton
Sandy,6.16,24.2,38.0,464.1,Millets
Alluvial,6.67,31.6,84.9,1637.5,Jute
Black,7.32,27.4,58.8,800.8,Cotton
Alluvial,5.97,26.7,64.8,670.9,Maize
Laterite,4.75,17.3,90.6,2353.0,Tea
Loamy,6.1,25.0,77.0,1472.3,Banana
Alluvial,6.9,32.0,82.5,1914.6,Jute
Red,6.72,22.8,65.3,859.4,Maize
Loamy,6.6,23.8,60.9,746.8,Maize
Alluvial,6.55,26.1,80.2,1654.0,Paddy
Loamy,4.93,19.2,90.8,2380.2,Tea
Black,7.15,28.8,55.1,763.2,Cotton
Red,6.36,22.5,66.0,798.0,Maize
Loamy,7.02,30.1,49.5,398.6,Black Gram
Alluvial,7.65,27.4,56.3,757.5,Cotton
Laterite,4.85,20.8,90.8,2252.4,Tea
Alluvial,7.48,29.0,58.4,882.7,Cotton
Black,6.76,20.7,37.1,401.0,Chickpea
Sandy,6.32,25.4,59.5,472.4,Groundnut
Laterite,6.13,20.1,77.7,1713.9,Coffee
Alluvial,8.18,29.4,57.2,816.4,Cotton
Clayey,6.93,32.0,57.4,527.3,Black Gram
Clayey,6.82,28.8,48.3,406.3,Black Gram
Black,7.21,33.1,57.3,854.3,Cotton
Loamy,6.99,26.4,66.9,747.8,Maize
Red,6.21,28.4,50.5,314.3,Millets
Loamy,7.41,23.1,36.4,407.1,Chickpea
Laterite,5.67,19.8,81.5,1602.9,Coffee
Loamy,7.19,28.6,47.8,503.8,Black Gram
Loamy,7.04,26.6,67.8,630.7,Maize
Sandy,5.62,26.1,32.7,444.4,Millets
Clayey,7.03,27.9,60.0,426.3,Black Gram
Red,6.0,30.6,40.5,456.0,Millets
Clayey,6.42,29.8,84.2,1615.4,Paddy
Clayey,6.73,28.8,82.4,1908.5,Paddy
Loamy,6.65,27.4,61.3,882.1,Maize
Red,6.53,24.3,67.0,736.4,Maize
Alluvial,7.13,33.3,86.1,1669.3,Jute
Clayey,6.63,27.6,82.2,1901.2,Paddy
Loamy,6.42,31.6,50.9,461.6,Black Gram
Black,7.29,26.5,60.1,654.8,Cotton
Black,7.54,26.9,63.9,848.9,Cotton
Clayey,6.31,30.5,91.0,1645.4,Paddy
Black,7.51,28.6,64.5,837.5,Cotton
Clayey,6.43,26.6,78.4,1406.7,Banana
Laterite,5.01,16.3,90.6,2120.0,Tea
Red,6.27,27.4,74.6,1593.9,Coconut
Red,6.27,24.1,46.0,358.8,Millets
Black,7.04,29.9,61.1,766.4,Cotton
Black,7.18,28.9,53.3,538.2,Black Gram
Loamy,6.72,31.1,82.9,1312.5,Banana
Red,6.56,26.3,55.4,490.3,Groundnut
Alluvial,6.66,25.3,87.4,1572.2,Paddy
Red,5.67,21.5,72.4,1766.2,Coffee
Laterite,5.25,20.2,90.1,2795.4,Tea
Loamy,6.77,20.5,44.0,582.0,Wheat
Alluvial,6.53,28.6,80.5,1625.4,Banana
Black,7.87,34.0,61.7,826.9,Cotton
Laterite,4.94,18.7,90.9,2111.4,Tea
Alluvial,6.26,17.1,50.7,595.7,Wheat
Red,5.76,20.3,81.8,1735.5,Coffee
Loamy,6.59,30.4,48.0,522.7,Black Gram
Black,7.38,18.8,38.4,399.3,Chickpea
Laterite,5.38,19.7,91.9,2042.3,Tea
Black,7.13,21.1,44.4,413.1,Chickpea
Loamy,6.89,31.5,72.9,1359.2,Sugarcane
Laterite,5.09,19.5,89.7,2550.0,Tea
Loamy,6.95,14.3,48.8,545.4,Wheat
Red,6.27,26.4,52.6,446.6,Groundnut
Loamy,6.63,18.1,49.9,562.5,Wheat
Red,6.55,25.2,55.3,653.7,Groundnut
Loamy,5.85,23.3,66.0,813.8,Maize
Alluvial,7.28,36.7,81.2,1757.4,Jute
Sandy,6.69,26.4,58.8,542.1,Groundnut
Alluvial,6.91,27.4,81.4,1389.8,Banana
Loamy,7.42,17.4,39.3,316.3,Chickpea
Loamy,6.85,17.5,47.6,538.5,Wheat
Loamy,5.11,15.7,89.0,2432.0,Tea
Sandy,6.18,27.0,60.4,529.9,Groundnut
Alluvial,6.85,12.3,54.8,525.9,Wheat
Sandy,6.06,28.5,45.0,542.1,Groundnut
Sandy,6.65,25.2,80.1,1877.4,Coconut
Loamy,6.45,33.6,77.4,1333.0,Sugarcane
Sandy,6.66,27.5,58.3,558.6,Groundnut
Laterite,5.75,23.6,80.9,1736.3,Coffee
Alluvial,7.72,31.2,60.1,705.3,Cotton
Red,5.1,27.7,44.8,383.3,Millets
Alluvial,6.92,34.3,84.6,1890.7,Jute
Sandy,6.04,26.7,56.3,570.9,Groundnut
Laterite,5.44,22.5,79.2,1742.2,Coffee
Clayey,6.93,36.3,86.3,1842.4,Jute
Black,7.35,18.7,42.0,328.0,Chickpea
Black,7.37,28.8,54.6,492.9,Black Gram
Alluvial,6.77,30.8,85.4,1927.0,Jute
Clayey,6.4,33.3,86.2,1898.2,Jute
Loamy,6.82,26.0,72.8,810.8,Maize
Loamy,4.97,17.4,88.9,2447.1,Tea
Clayey,6.76,32.0,50.1,421.8,Black Gram
Alluvial,5.98,29.0,76.2,1993.9,Coconut
Loamy,7.23,27.0,49.2,572.3,Black Gram
Laterite,4.84,19.1,87.5,2390.6,Tea
Laterite,6.77,25.4,44.9,446.5,Millets
Alluvial,6.67,30.9,71.6,1817.7,Coconut
Red,5.82,28.4,46.4,451.0,Millets
Alluvial,6.83,32.5,85.3,1856.1,Jute
Loamy,6.13,30.5,80.8,1488.6,Banana
Red,5.86,27.2,36.6,398.8,Millets
Clayey,6.21,25.8,79.3,1684.1,Paddy
Laterite,5.94,22.1,70.4,1984.4,Coffee
Black,6.94,17.9,36.4,384.1,Chickpea
Loamy,6.21,27.5,65.7,743.4,Maize
Clayey,6.4,18.6,46.7,518.4,Wheat
Alluvial,6.97,25.3,77.2,1267.6,Sugarcane
Alluvial,7.46,29.0,70.1,1293.1,Sugarcane
Laterite,5.68,20.9,74.9,1663.7,Coffee
Red,6.56,24.6,63.9,776.8,Maize
Loamy,6.6,27.1,80.9,1365.3,Banana
Alluvial,6.74,18.1,47.9,492.1,Wheat
Red,6.61,27.0,81.2,1575.9,Coconut
Alluvial,7.21,25.3,59.0,848.5,Cotton
Sandy,6.27,28.4,80.2,1731.6,Coconut
Alluvial,6.15,19.8,47.0,519.1,Wheat
Red,5.89,26.8,38.9,312.2,Millets
Laterite,5.77,20.2,77.6,1800.3,Coffee
Black,7.12,18.4,45.0,260.0,Chickpea
Clayey,6.72,31.5,56.5,444.0,Black Gram
Loamy,6.82,29.0,78.9,1460.6,Banana
Loamy,6.62,19.5,40.0,418.4,Chickpea
Loamy,6.43,19.9,46.8,491.0,Wheat
Black,7.15,19.9,37.7,420.1,Chickpea
Loamy,6.55,29.6,78.2,1459.5,Banana
Red,6.68,27.3,66.9,643.8,Maize
Red,5.92,19.2,77.3,1549.4,Coffee
Alluvial,6.79,29.2,83.3,1430.3,Banana
Clayey,6.02,26.9,80.7,1606.9,Paddy
Clayey,7.03,30.9,50.6,489.3,Black Gram
Alluvial,5.9,31.6,83.5,1310.6,Banana
Loamy,6.49,25.1,61.0,652.2,Maize
Alluvial,7.3,18.9,48.7,603.5,Wheat
Loamy,6.82,30.9,52.1,489.0,Black Gram
Alluvial,6.84,18.8,49.6,577.9,Wheat
Sandy,6.44,27.8,70.2,1691.0,Coconut
Sandy,7.12,28.2,71.6,1557.0,Coconut
Laterite,5.41,21.6,81.0,1990.2,Coffee
Loamy,6.37,17.7,49.1,520.1,Wheat
Loamy,6.14,24.0,62.4,778.6,Maize
Clayey,7.18,33.4,73.9,1323.5,Sugarcane
Sandy,6.28,21.7,61.8,526.4,Groundnut
Alluvial,7.03,28.2,76.6,1830.7,Coconut
Laterite,5.59,22.4,70.3,1951.4,Coffee
Clayey,7.22,32.7,88.2,1936.1,Jute
Black,7.0,29.5,56.5,907.3,Cotton
Loamy,6.32,31.7,81.8,1426.4,Banana
Loamy,6.99,28.2,78.0,1407.3,Banana
Clayey,7.0,31.9,80.8,2004.4,Jute
Alluvial,7.81,26.0,58.7,835.9,Cotton
Loamy,7.25,17.2,46.8,513.6,Wheat
Laterite,5.1,18.3,86.5,2591.8,Tea
Alluvial,7.44,32.2,82.7,2011.9,Jute
Laterite,5.89,22.2,73.6,2030.0,Coffee
Loamy,6.58,15.3,51.4,454.5,Wheat
Sandy,5.92,26.3,47.1,444.2,Millets
Loamy,7.04,28.5,58.9,518.5,Black Gram
Clayey,6.67,34.7,85.4,2050.6,Jute
Black,7.39,21.2,46.8,362.6,Chickpea
Clayey,6.33,26.6,87.6,1673.3,Paddy
Loamy,6.93,23.7,61.6,656.5,Maize
Black,7.3,28.7,53.7,788.2,Cotton
Black,7.09,14.5,43.8,319.7,Chickpea
Clayey,7.02,28.9,81.0,1467.3,Banana
Laterite,5.86,23.6,39.1,513.5,Millets
Black,6.78,21.2,45.0,448.7,Chickpea
Loamy,5.41,23.0,73.2,1775.0,Coffee
Black,7.52,18.9,41.9,384.9,Chickpea
Clayey,6.77,30.5,50.2,451.1,Black Gram
Sandy,6.6,28.5,54.1,574.8,Groundnut
Clayey,7.03,32.3,80.4,1467.9,Sugarcane
Alluvial,6.53,31.0,90.3,1933.7,Jute
Laterite,5.11,18.7,83.7,2113.4,Tea
Red,6.07,25.7,51.3,384.7,Millets
Loamy,6.47,30.0,87.0,1524.7,Banana
Alluvial,7.0,28.7,59.7,732.2,Cotton
Clayey,7.27,31.6,73.4,1201.7,Sugarcane
Red,6.03,27.4,45.6,479.4,Millets
Red,6.15,21.5,81.2,1813.8,Coffee
Sandy,6.91,27.3,62.3,645.7,Groundnut
Alluvial,6.45,31.3,87.1,1773.7,Paddy
Loamy,6.83,24.9,60.8,735.1,Maize
Loamy,7.01,29.5,76.6,1384.4,Sugarcane
Loamy,7.52,17.8,44.8,367.8,Chickpea
Loamy,7.05,17.8,42.6,513.4,Wheat
Alluvial,6.25,24.1,82.7,1647.7,Paddy
Clayey,6.61,33.1,87.1,1354.7,Banana
Loamy,6.89,29.9,85.0,1271.1,Sugarcane
Loamy,7.73,22.5,47.6,380.4,Chickpea
Sandy,6.58,28.9,57.0,648.4,Groundnut
Red,6.71,25.7,55.2,655.5,Groundnut
Clayey,6.69,31.8,48.6,538.6,Black Gram
Loamy,6.84,16.7,51.2,678.7,Wheat
Black,7.67,29.2,59.2,706.7,Cotton
Clayey,7.56,30.5,53.9,563.6,Black Gram
Loamy,7.38,31.1,84.6,1475.6,Banana
Alluvial,6.17,29.2,83.1,1374.1,Banana
Clayey,7.83,31.0,72.8,1344.1,Sugarcane
Black,7.64,27.9,55.2,795.2,Cotton
Loamy,4.82,19.3,85.2,2244.5,Tea
Clayey,7.15,30.2,76.0,1541.8,Sugarcane
Laterite,4.96,20.8,85.7,1999.6,Tea
Loamy,7.17,24.5,42.4,359.8,Chickpea
Alluvial,6.48,28.8,80.9,1388.9,Banana
Loamy,6.66,31.9,57.1,423.7,Black Gram
Sandy,6.08,24.1,58.5,508.2,Groundnut
Black,7.34,32.2,51.1,491.6,Black Gram
Alluvial,6.5,24.5,82.1,1605.2,Paddy
Black,7.09,29.4,52.7,880.1,Cotton
Alluvial,6.15,28.1,82.6,1845.9,Paddy
Clayey,6.68,22.9,86.1,1680.7,Paddy
Laterite,4.87,19.7,88.9,2639.4,Tea
Alluvial,6.5,29.8,79.1,1395.4,Banana
Sandy,6.91,25.5,71.8,1690.4,Coconut
Loamy,6.8,20.7,47.3,496.5,Wheat
Black,7.37,29.3,59.8,783.8,Cotton
Black,7.33,31.8,55.7,481.2,Black Gram
Clayey,6.51,26.3,85.6,1638.5,Paddy
Alluvial,7.26,17.8,47.1,446.2,Wheat
Alluvial,6.5,31.2,78.1,1542.5,Paddy
Red,5.51,20.9,71.4,1531.0,Coffee
Clayey,7.6,32.4,78.4,1543.1,Sugarcane
Loamy,6.71,32.2,85.6,1283.9,Banana
Clayey,6.25,26.8,48.6,485.5,Black Gram
Loamy,6.71,19.7,45.3,615.9,Wheat
Black,7.0,29.1,58.0,710.7,Cotton
Black,7.63,33.1,62.0,858.5,Cotton
Clayey,6.32,15.1,48.8,531.7,Wheat
Clayey,6.96,32.9,83.1,1857.5,Jute
Loamy,5.36,22.6,81.8,1840.0,Coffee
Alluvial,7.13,33.1,87.2,1740.5,Jute
Alluvial,6.95,32.5,91.5,2103.2,Jute
Clayey,6.25,26.8,84.1,1559.4,Paddy
Red,6.37,25.4,68.6,777.6,Maize
Alluvial,6.77,23.5,66.4,713.2,Maize
Alluvial,6.34,26.8,76.2,1575.1,Paddy
Red,6.76,26.2,52.7,607.1,Groundnut
Sandy,6.42,25.8,56.8,520.1,Groundnut
Clayey,6.49,27.5,83.5,1834.4,Paddy
Clayey,6.58,30.1,57.4,413.9,Black Gram
Sandy,6.65,28.7,59.7,608.7,Groundnut
Red,5.7,20.8,71.6,1705.9,Coffee
Sandy,6.48,29.3,72.2,1779.0,Coconut
Black,7.94,32.8,59.2,821.4,Cotton
Loamy,6.83,33.1,80.4,1389.2,Sugarcane
Loamy,7.29,28.8,50.2,421.2,Black Gram
Red,6.52,23.9,46.7,526.4,Groundnut
Black,7.56,20.0,41.1,406.3,Chickpea
Alluvial,6.53,27.1,86.9,2012.1,Jute
Red,6.95,26.5,67.3,601.6,Maize
Black,7.39,16.2,39.4,433.7,Chickpea
Black,6.98,18.4,45.6,401.4,Chickpea
Black,7.69,29.3,52.9,672.5,Cotton
Laterite,4.98,19.0,83.4,2600.3,Tea
Sandy,6.54,30.3,78.9,1582.6,Coconut
Loamy,6.51,31.1,80.0,1591.3,Banana
Black,7.84,25.3,56.3,797.6,Cotton
Sandy,6.85,32.4,73.0,1666.5,Coconut
Clayey,6.94,31.8,82.8,1292.3,Banana
Sandy,5.95,26.8,58.4,618.6,Groundnut
Alluvial,7.04,26.2,82.6,1908.5,Paddy
Alluvial,6.78,27.3,79.7,1338.5,Banana
Laterite,5.68,20.9,71.4,1724.3,Coffee
Clayey,6.98,16.4,46.5,507.1,Wheat
Laterite,4.89,19.3,84.1,2448.0,Tea
Loamy,6.62,30.9,73.0,1201.9,Sugarcane
Sandy,6.7,26.8,77.0,1743.8,Coconut
Alluvial,6.62,33.6,87.4,1669.4,Jute
Alluvial,7.48,33.0,76.5,1504.6,Sugarcane
Loamy,7.87,28.6,80.7,1401.9,Sugarcane
Alluvial,6.33,28.3,79.3,1672.2,Coconut
Loamy,6.59,30.3,50.8,406.8,Black Gram
Red,6.78,29.5,51.2,566.3,Groundnut
Loamy,7.13,32.7,55.1,417.3,Black Gram
Loamy,6.35,29.2,83.6,1311.1,Banana
Alluvial,7.24,28.3,62.8,706.8,Cotton
Loamy,6.64,19.1,47.5,391.9,Wheat
Red,5.84,22.3,49.1,319.3,Millets
Laterite,5.51,19.9,72.9,1636.9,Coffee
Loamy,6.31,26.2,66.4,550.0,Maize
Black,6.96,17.4,47.2,364.8,Chickpea
Clayey,7.34,33.8,42.0,575.6,Black Gram
Alluvial,6.82,20.3,48.5,514.7,Wheat
Laterite,4.82,17.7,85.1,2576.4,Tea
Alluvial,6.17,25.8,78.9,1506.8,Paddy
Black,7.15,19.7,37.5,329.4,Chickpea
Alluvial,6.76,32.9,76.9,1195.1,Sugarcane
Alluvial,5.76,32.3,78.1,1725.2,Coconut
Alluvial,6.35,26.3,82.1,1436.4,Paddy
Loamy,6.71,17.5,44.3,566.8,Wheat
Black,6.98,18.1,39.1,414.8,Chickpea
Alluvial,6.51,23.9,62.0,710.1,Maize
Red,6.12,27.1,46.9,345.9,Millets
Loamy,6.54,26.5,74.6,1309.0,Banana
Laterite,4.91,18.7,89.5,2207.5,Tea
Laterite,6.28,31.7,36.4,469.1,Millets
Red,5.94,19.0,74.4,1906.9,Coffee
Loamy,6.38,18.6,47.9,420.3,Wheat
Clayey,6.92,30.5,45.5,479.9,Black Gram
Loamy,6.81,16.5,47.3,595.9,Wheat
Loamy,6.45,17.3,37.2,413.6,Wheat
Sandy,6.33,26.7,43.7,616.7,Groundnut
Loamy,6.45,31.4,82.6,1436.6,Banana
Clayey,6.77,26.1,76.8,1344.9,Banana
Red,6.34,27.9,61.9,768.0,Maize
Loamy,6.87,32.8,75.2,1321.7,Sugarcane
Sandy,6.54,27.6,50.9,589.7,Groundnut
Loamy,6.61,28.9,78.0,1448.4,Banana
Loamy,6.22,26.2,62.5,717.6,Maize
Sandy,5.47,29.2,44.0,401.2,Millets
Alluvial,6.94,32.5,83.6,1431.4,Banana
Alluvial,6.72,29.9,88.9,1878.4,Jute
Clayey,7.5,17.3,52.9,486.3,Wheat
Sandy,5.8,26.4,55.8,594.4,Groundnut
Alluvial,6.63,28.8,82.6,1711.1,Coconut
Loamy,6.92,16.5,50.3,552.8,Wheat
Black,7.26,20.9,34.5,339.9,Chickpea
Sandy,6.6,27.6,77.0,1532.5,Coconut
Sandy,6.26,29.3,33.8,477.9,Millets
Loamy,6.96,22.1,64.3,807.0,Maize
Sandy,6.69,30.1,73.1,1740.0,Coconut
Loamy,8.1,21.8,48.2,407.4,Chickpea
Alluvial,6.96,32.2,81.4,1297.2,Banana
Alluvial,6.59,28.2,79.8,1619.1,Paddy
Clayey,6.46,29.4,74.7,1721.0,Paddy
Sandy,6.16,28.3,74.0,1567.0,Coconut
Clayey,7.1,32.0,73.1,1413.7,Sugarcane
Clayey,6.81,33.4,76.8,1257.4,Sugarcane
Clayey,6.43,29.1,75.5,1512.3,Banana
Red,6.96,30.6,73.3,1651.2,Coconut
Black,7.83,29.9,55.2,824.8,Cotton
Black,8.04,17.1,38.6,404.5,Chickpea
Clayey,6.25,28.4,76.5,1513.3,Banana
Sandy,6.25,23.2,50.8,587.6,Groundnut
Loamy,6.44,18.5,48.5,512.1,Wheat
Alluvial,6.37,30.6,82.1,1334.2,Banana
Red,6.65,24.4,48.1,531.0,Groundnut
Black,7.26,16.6,47.8,432.7,Chickpea
Sandy,6.49,26.6,53.9,544.8,Groundnut
Clayey,7.4,26.7,48.2,573.6,Black Gram
Sandy,6.53,25.5,55.2,488.8,Groundnut
Alluvial,6.49,32.0,72.9,1299.1,Sugarcane
Black,8.18,26.3,56.2,947.9,Cotton
Red,6.06,20.6,75.0,1712.3,Coffee
Clayey,7.16,18.8,47.0,553.3,Wheat
Loamy,5.48,17.9,89.3,2197.3,Tea
Loamy,6.34,28.8,83.1,1502.3,Banana
Loamy,7.73,18.1,41.8,367.5,Chickpea
Black,7.37,20.3,42.1,438.0,Chickpea
Loamy,5.65,20.5,73.6,1617.5,Coffee
Black,7.2,32.3,58.7,628.8,Cotton
Clayey,6.03,24.7,84.1,1436.8,Paddy
Black,7.62,17.6,41.7,396.2,Chickpea
Loamy,6.89,32.7,74.2,1267.6,Sugarcane
Laterite,5.91,22.1,78.2,1799.7,Coffee
Loamy,6.94,26.5,50.2,422.4,Black Gram
Loamy,6.79,26.9,71.1,802.2,Maize
Alluvial,7.39,28.6,63.4,914.6,Cotton
Alluvial,6.84,30.9,82.7,1677.7,Paddy
Clayey,7.44,27.7,48.8,640.0,Black Gram
Loamy,7.29,30.4,42.0,501.1,Black Gram
Clayey,7.14,32.1,78.7,1378.6,Sugarcane
Alluvial,6.18,31.7,88.6,1840.4,Jute
Alluvial,6.12,29.5,76.1,1761.1,Coconut
Black,7.64,19.2,45.4,358.1,Chickpea
Sandy,5.82,25.8,54.4,434.8,Millets
Red,6.87,28.5,65.7,739.1,Maize
Red,6.88,26.5,55.4,509.8,Groundnut
Clayey,6.31,26.7,82.6,1310.7,Paddy
Sandy,6.33,26.5,60.6,650.0,Groundnut
Loamy,6.23,26.2,75.1,1525.5,Banana
Black,7.6,29.1,48.4,691.1,Cotton
Sandy,5.95,22.6,57.4,590.3,Groundnut
Laterite,5.52,20.9,80.5,1801.5,Coffee
Laterite,5.24,19.2,83.2,2242.7,Tea
Clayey,5.95,28.5,85.8,1575.7,Paddy
Clayey,7.5,36.1,89.3,1834.7,Jute
Clayey,6.1,22.6,86.0,1649.5,Paddy
Clayey,7.25,30.9,73.9,1463.9,Sugarcane
Loamy,6.71,28.4,68.2,1430.5,Sugarcane
Red,5.53,21.4,77.1,1794.5,Coffee
Sandy,6.11,32.6,83.5,1806.2,Coconut
Loamy,6.95,26.1,70.6,883.3,Maize
Alluvial,7.03,29.5,86.0,1743.7,Jute
Sandy,6.94,28.8,42.0,379.0,Millets
Clayey,7.31,28.9,73.8,1505.1,Sugarcane
Alluvial,6.28,29.7,70.4,1398.8,Banana
Alluvial,7.1,16.5,50.0,500.0,Wheat
Red,6.4,25.4,69.9,819.8,Maize
Sandy,5.45,23.7,51.9,418.5,Millets
Loamy,7.16,19.8,42.7,323.5,Chickpea
Alluvial,7.08,21.2,44.0,504.5,Wheat
Clayey,6.92,18.3,54.1,507.4,Wheat
Black,7.24,28.2,58.3,644.3,Cotton
Alluvial,6.88,19.3,50.1,553.7,Wheat
Sandy,6.0,33.2,70.6,1617.9,Coconut
Alluvial,7.63,24.0,54.3,918.4,Cotton
Red,6.64,28.0,57.1,556.7,Groundnut
Loamy,6.39,31.4,73.2,1427.3,Sugarcane
Alluvial,6.8,33.2,84.0,1698.2,Jute
Alluvial,6.79,27.2,74.9,1702.7,Coconut
Alluvial,6.16,28.1,76.2,1735.9,Coconut
Laterite,5.87,17.8,73.7,1502.6,Coffee
Loamy,6.52,31.3,68.0,1237.3,Sugarcane
Clayey,7.22,30.0,82.8,1620.0,Paddy
Clayey,7.07,34.8,70.8,1287.3,Sugarcane
Black,7.48,33.2,60.6,750.9,Cotton
Red,6.7,24.2,69.3,720.9,Maize
Laterite,5.19,18.9,85.7,2591.9,Tea
Alluvial,6.6,16.2,48.1,475.3,Wheat
Sandy,6.0,26.7,65.8,571.2,Groundnut
Sandy,6.46,25.9,74.7,1687.9,Coconut
Red,5.3,27.0,42.6,504.2,Millets
Red,6.25,23.8,48.0,608.1,Groundnut
Clayey,6.96,33.0,84.3,2002.7,Jute
Loamy,6.39,18.0,45.5,559.4,Wheat
Red,5.49,21.4,75.3,1661.4,Coffee
Laterite,5.08,17.9,86.3,2302.6,Tea
Red,6.22,25.4,56.2,576.5,Groundnut
Alluvial,6.7,26.8,72.9,772.7,Maize
Clayey,6.58,18.3,51.5,616.7,Wheat
Sandy,6.15,22.6,49.7,491.3,Groundnut
Laterite,5.0,14.0,86.8,2350.0,Tea
Alluvial,6.48,29.9,90.6,1645.1,Paddy
Loamy,6.89,29.6,53.1,500.5,Black Gram
Loamy,6.81,18.8,50.7,425.7,Wheat
Alluvial,6.68,25.1,70.1,615.1,Maize
Sandy,6.46,29.3,67.5,1663.8,Coconut
Clayey,5.97,30.5,81.7,1913.4,Paddy
Clayey,6.89,28.6,83.6,1370.3,Banana
Clayey,6.55,29.2,78.0,1303.5,Banana
Alluvial,6.58,25.8,83.2,1553.1,Paddy
Clayey,6.59,30.7,87.0,1318.1,Banana
Alluvial,6.55,30.4,83.3,1926.8,Jute
Sandy,7.05,28.3,44.1,397.2,Millets
Sandy,6.43,26.1,55.9,729.5,Groundnut
Alluvial,6.6,31.3,76.0,1772.1,Paddy
Red,5.28,23.0,77.3,1909.1,Coffee
Red,5.28,26.1,50.8,395.7,Millets
Loamy,6.75,29.2,79.7,1522.5,Banana
Alluvial,6.73,31.9,89.9,1729.0,Jute
Alluvial,7.12,30.4,85.6,1984.9,Jute
Laterite,5.16,14.5,87.4,2132.5,Tea
Loamy,7.02,22.7,39.1,367.6,Chickpea
Black,7.12,30.4,58.7,790.3,Cotton
Loamy,7.02,18.1,47.5,497.3,Chickpea
Black,7.71,20.3,39.1,416.7,Chickpea
Alluvial,6.09,25.5,58.8,770.2,Maize
Black,6.65,30.5,51.7,436.8,Black Gram
Clayey,7.18,30.2,77.3,1425.9,Sugarcane
Black,7.28,19.9,30.0,394.7,Chickpea
Red,6.26,26.3,40.9,357.7,Millets
Laterite,4.9,20.3,84.7,2453.1,Tea
Clayey,6.16,28.3,85.7,1796.6,Paddy
Sandy,5.93,28.5,47.6,398.7,Millets
Laterite,5.07,18.6,85.1,2382.8,Tea
Black,6.96,29.6,53.3,662.0,Cotton
Laterite,5.82,24.8,80.9,1644.2,Coffee
Loamy,6.94,32.6,56.8,374.5,Black Gram
Sandy,6.01,26.8,69.2,1633.7,Coconut
Laterite,5.56,15.3,90.2,2181.8,Tea
Laterite,5.29,16.9,92.5,2478.8,Tea
Loamy,6.52,16.0,45.6,415.1,Wheat
Clayey,6.46,25.4,88.1,1670.5,Paddy
Black,7.16,22.6,43.3,395.1,Chickpea
Red,6.4,29.3,49.3,521.2,Groundnut
Alluvial,7.02,18.3,48.3,577.2,Wheat
Loamy,6.83,26.1,68.3,757.4,Maize
Laterite,4.79,15.5,85.1,2337.5,Tea
Laterite,6.57,27.4,46.3,491.0,Millets
Red,6.87,23.4,63.7,803.8,Maize
Red,6.28,26.3,47.6,351.7,Millets
Sandy,7.03,27.0,71.9,1714.3,Coconut
Alluvial,6.64,28.4,89.0,1735.9,Jute
Loamy,5.05,19.5,83.7,2205.2,Tea
Laterite,5.97,20.7,74.7,1639.9,Coffee
Black,7.32,18.8,40.1,416.5,Chickpea
Clayey,6.55,26.5,80.5,1416.4,Paddy
Black,7.18,26.3,57.3,793.1,Cotton
Red,6.32,26.6,63.6,756.9,Maize
Black,7.47,16.3,37.7,386.8,Chickpea
Clayey,7.08,33.4,69.9,1222.3,Sugarcane
Loamy,6.52,18.4,47.3,510.9,Wheat
Black,7.85,17.6,40.7,341.5,Chickpea
Laterite,5.04,18.9,87.8,2183.2,Tea
Black,7.1,22.6,45.6,313.0,Chickpea
Loamy,6.6,14.6,45.6,587.4,Wheat
Alluvial,6.61,27.9,80.5,1891.9,Paddy
Red,6.09,25.4,51.8,506.3,Groundnut
Loamy,6.71,23.1,64.3,801.3,Maize
Alluvial,6.3,23.6,69.4,775.1,Maize
Red,5.64,25.3,50.2,413.6,Millets
Alluvial,6.64,25.4,60.4,809.2,Maize
Red,6.15,26.7,51.3,592.5,Groundnut
Alluvial,6.69,28.2,82.7,1740.6,Paddy
Loamy,6.5,22.5,62.8,782.0,Maize
Alluvial,6.66,32.9,90.4,1641.6,Jute
Black,7.32,30.9,50.0,839.4,Cotton
Clayey,6.37,30.7,77.9,1320.1,Banana
Red,6.23,27.8,49.4,450.8,Groundnut
Black,7.29,18.9,48.2,377.4,Chickpea
Laterite,5.8,19.1,69.6,1823.0,Coffee
Clayey,6.52,26.3,83.6,1952.9,Paddy
Sandy,6.31,30.7,78.7,1708.1,Coconut
Red,5.64,26.7,70.6,1918.9,Coconut
Alluvial,6.54,25.4,78.5,1690.5,Paddy
Red,5.55,19.3,73.6,1527.3,Coffee
Loamy,7.02,28.8,47.9,534.2,Black Gram
Red,6.43,30.1,40.6,362.3,Millets
Laterite,5.14,19.5,93.4,2563.0,Tea
Red,5.1,28.0,42.3,379.2,Millets
Loamy,6.99,31.0,76.9,1524.3,Sugarcane
Loamy,5.17,17.9,88.4,2373.4,Tea
Clayey,7.08,33.0,74.1,1466.1,Sugarcane
Red,6.28,27.1,55.7,535.8,Groundnut
Loamy,6.48,29.1,84.9,1477.2,Banana
Sandy,6.86,27.4,67.7,1726.4,Coconut
Clayey,7.17,33.4,75.9,1247.7,Sugarcane
Alluvial,6.67,28.8,72.7,1723.4,Coconut
Red,5.0,21.8,75.1,1812.7,Coffee
Laterite,6.04,23.0,72.5,1785.2,Coffee
Red,5.37,21.9,71.4,1886.9,Coffee
Clayey,7.02,27.8,46.4,534.7,Black Gram
Laterite,4.7,19.2,89.7,2236.3,Tea
Red,6.39,26.1,72.2,711.6,Maize
Red,5.73,26.2,49.2,493.1,Millets
Clayey,6.04,27.3,77.7,1676.8,Paddy
Clayey,6.57,31.7,87.8,1867.9,Jute
Red,6.51,26.1,51.9,623.3,Groundnut
Clayey,6.62,29.6,77.8,1226.7,Sugarcane
Loamy,7.8,29.5,56.0,413.4,Black Gram
Alluvial,6.04,28.4,74.0,1792.4,Coconut
Loamy,5.05,16.0,86.5,2425.8,Tea
Loamy,6.75,18.9,48.2,555.6,Wheat
Alluvial,6.8,27.7,80.7,1468.5,Banana
Loamy,5.04,16.8,86.5,2315.7,Tea
Black,7.54,30.3,59.5,707.5,Cotton
Red,5.91,28.0,45.9,411.4,Millets
Black,7.57,29.0,57.4,697.4,Cotton
Laterite,5.92,23.4,80.8,1747.8,Coffee
Loamy,6.77,21.1,55.8,497.8,Wheat
Clayey,6.17,26.5,76.8,1870.4,Paddy
Loamy,6.94,27.7,48.0,443.3,Black Gram
Alluvial,6.02,28.5,78.8,1746.3,Coconut
Clayey,6.56,32.0,87.8,1599.6,Jute
Alluvial,6.93,34.0,85.4,1940.1,Jute
Clayey,7.17,35.6,67.5,1514.9,Sugarcane
Loamy,7.66,20.3,33.4,426.8,Chickpea
Laterite,5.16,16.6,87.9,2557.8,Tea
Black,7.54,19.3,43.9,344.2,Chickpea
Sandy,6.4,27.2,75.7,1748.1,Coconut
Alluvial,6.31,29.0,84.4,1582.3,Paddy
Black,7.57,17.3,43.3,500.0,Chickpea
Alluvial,6.53,28.0,59.5,686.3,Maize
Loamy,6.57,29.4,68.2,1509.0,Sugarcane
Laterite,4.89,19.7,92.9,2426.6,Tea
Clayey,6.53,18.2,46.0,587.6,Wheat
Alluvial,7.24,33.2,64.7,1417.8,Sugarcane
Loamy,7.73,19.3,38.6,500.0,Chickpea
Black,7.23,19.6,42.1,370.8,Chickpea
Loamy,6.39,24.4,64.4,676.0,Maize
Clayey,7.34,31.5,62.0,1637.1,Sugarcane
Loamy,7.47,32.2,44.3,473.7,Black Gram
Loamy,6.24,25.0,66.8,690.8,Maize
Loamy,6.54,31.7,54.2,570.3,Black Gram
Alluvial,6.53,29.4,85.3,1912.5,Jute
Laterite,4.69,17.8,88.1,2375.2,Tea
Black,7.8,28.8,58.0,845.6,Cotton
Laterite,5.71,19.7,76.9,1984.2,Coffee
Loamy,7.4,26.6,74.5,1655.9,Sugarcane
Red,6.5,22.3,63.1,738.9,Maize
Sandy,6.36,30.7,80.0,1847.8,Coconut
Clayey,6.57,30.7,81.8,1723.2,Jute
Loamy,7.24,32.2,58.3,465.1,Black Gram
Sandy,6.4,28.9,75.9,1863.1,Coconut
Laterite,4.98,15.4,89.4,2099.2,Tea
Red,7.07,29.5,71.8,1730.4,Coconut
Black,7.11,22.2,39.8,445.9,Chickpea
Laterite,4.74,21.5,88.2,2284.8,Tea
Sandy,6.4,21.4,48.3,584.2,Groundnut
Loamy,6.56,17.9,43.3,518.4,Wheat
Red,6.82,23.0,64.2,768.5,Maize
Loamy,7.56,29.8,51.8,507.9,Black Gram
Laterite,5.69,22.4,75.5,1667.2,Coffee
Loamy,6.57,27.9,53.7,405.2,Black Gram
Alluvial,6.24,30.8,68.8,1974.2,Coconut
Loamy,6.42,23.0,56.2,775.8,Maize
Loamy,6.63,30.9,67.5,741.9,Maize
Sandy,6.35,28.4,55.6,490.4,Groundnut
Red,5.46,29.8,49.7,341.5,Millets
Laterite,5.67,19.2,80.8,1891.9,Coffee
Clayey,7.25,27.7,47.1,478.9,Black Gram
Clayey,6.64,27.7,87.8,1729.8,Paddy
Sandy,6.27,28.8,70.5,2039.2,Coconut
Alluvial,6.6,30.0,81.2,1778.4,Jute
Loamy,5.11,17.2,88.3,2230.5,Tea
Loamy,5.14,14.5,90.2,2284.8,Tea
Red,6.4,24.5,36.8,387.6,Millets
Clayey,6.55,32.3,52.7,484.9,Black Gram
Red,6.33,29.1,71.2,736.9,Maize
Red,6.31,25.3,43.8,363.8,Millets
Clayey,6.64,29.0,49.1,465.0,Black Gram
Laterite,4.93,18.5,86.0,2397.8,Tea
Loamy,6.04,24.6,63.1,713.0,Maize
Loamy,6.93,20.5,48.3,536.1,Wheat
Alluvial,6.19,28.1,77.6,1676.1,Paddy
Loamy,6.85,31.7,81.7,1399.5,Banana
Laterite,5.04,16.7,93.9,2558.0,Tea
Sandy,6.54,24.0,54.9,553.3,Groundnut
Black,7.52,19.6,47.8,383.3,Chickpea
Black,6.9,30.5,42.8,450.1,Black Gram
Loamy,6.52,31.9,79.2,1376.9,Banana
Loamy,6.31,28.2,76.2,1503.7,Banana
Alluvial,7.93,28.6,57.6,888.0,Cotton
Laterite,4.82,17.4,80.9,2234.2,Tea
Loamy,6.68,15.4,51.8,585.1,Wheat
Loamy,7.38,27.9,54.3,524.9,Black Gram
Sandy,6.92,30.6,67.6,1694.1,Coconut
Alluvial,6.32,25.3,76.4,1388.0,Banana
Sandy,6.35,28.2,53.3,528.4,Groundnut
Black,7.67,19.1,46.7,359.4,Chickpea
Loamy,7.3,30.2,52.9,430.3,Black Gram
Alluvial,6.54,32.1,85.3,2232.4,Jute
Clayey,7.36,32.6,80.5,1771.1,Jute
Loamy,5.36,17.1,87.3,2432.8,Tea
Red,6.58,26.0,69.3,673.2,Maize
Clayey,7.23,31.5,72.1,1251.2,Sugarcane
Sandy,6.13,27.9,53.6,582.5,Groundnut
Loamy,6.73,30.2,55.5,408.8,Black Gram
Red,5.68,25.4,46.9,430.4,Millets
Clayey,6.72,29.4,76.7,1901.4,Paddy
Clayey,7.43,34.6,68.9,1533.4,Sugarcane
Laterite,4.93,19.4,88.5,2300.0,Tea
Alluvial,6.9,32.9,77.2,1083.5,Sugarcane
Laterite,5.76,24.4,74.8,1925.9,Coffee
Red,6.19,26.2,42.7,433.3,Millets
Sandy,5.54,27.9,44.9,439.6,Millets
Clayey,6.12,30.2,81.0,1595.7,Paddy
Black,7.61,19.9,48.3,383.9,Chickpea
Clayey,6.36,26.7,76.5,1610.6,Paddy
Black,7.84,27.9,57.5,833.8,Cotton
Black,7.04,28.5,65.0,458.5,Black Gram
Laterite,5.12,14.1,87.4,2226.6,Tea
Red,5.99,26.5,44.9,448.9,Millets
Alluvial,7.71,30.4,53.6,725.9,Cotton
Alluvial,7.14,30.9,87.7,1752.4,Jute
Black,7.09,28.2,44.9,502.1,Black Gram
Red,6.63,21.2,61.8,745.2,Maize
Loamy,6.52,28.6,78.7,1318.4,Banana
Loamy,7.31,19.1,44.7,388.7,Chickpea
Clayey,7.07,31.7,77.4,1377.3,Sugarcane
Loamy,6.46,26.9,85.8,1271.1,Banana
Black,7.19,29.7,54.3,847.8,Cotton
Alluvial,6.04,25.9,79.5,1487.8,Paddy
Loamy,6.91,32.0,48.9,479.5,Black Gram
Sandy,6.29,28.8,39.6,433.9,Millets
Alluvial,6.28,27.8,71.6,1985.4,Coconut
Clayey,6.08,25.6,87.3,1599.7,Paddy
Loamy,7.3,29.0,62.3,1413.7,Sugarcane
Loamy,6.68,29.8,75.9,1420.2,Banana
Alluvial,6.75,33.7,84.3,1823.1,Jute
Loamy,7.41,31.3,69.8,1396.0,Sugarcane
Laterite,5.83,19.6,66.9,1752.0,Coffee
Red,6.77,29.0,39.2,482.8,Millets
Loamy,6.61,28.3,59.1,453.6,Black Gram
Sandy,6.58,27.2,60.8,561.9,Groundnut
Alluvial,6.42,27.4,81.5,1816.4,Paddy
Sandy,5.6,29.5,71.2,1587.9,Coconut
Red,6.6,27.9,58.9,870.7,Maize
Black,7.39,27.8,61.6,787.0,Cotton
Sandy,6.12,29.3,79.6,1803.1,Coconut
Sandy,6.28,27.3,46.4,373.2,Millets
Red,5.63,28.5,46.5,382.3,Millets
Loamy,6.98,27.1,58.6,437.0,Black Gram
Alluvial,6.83,34.5,89.8,1874.6,Jute
Sandy,6.72,29.2,70.2,1894.2,Coconut
Clayey,6.88,29.3,48.4,434.5,Black Gram
Laterite,5.56,21.5,83.3,1887.6,Coffee
Black,7.51,22.7,33.7,377.2,Chickpea
Black,7.67,26.8,56.0,881.5,Cotton
Alluvial,6.98,32.3,88.9,1918.1,Jute
Black,7.07,19.1,44.1,320.6,Chickpea
Loamy,4.92,16.5,86.4,2163.0,Tea
Sandy,6.6,24.3,49.1,525.4,Groundnut
Loamy,5.91,23.3,69.6,2011.3,Coffee
Clayey,7.0,29.4,56.9,448.5,Black Gram
Clayey,7.04,31.1,47.8,531.5,Black Gram
Loamy,6.12,32.6,85.3,1288.8,Banana
Black,7.3,18.6,50.2,383.1,Chickpea
Clayey,7.1,34.4,79.1,1730.4,Jute
Black,7.18,20.2,40.4,362.1,Chickpea
Black,7.3,23.6,48.0,385.3,Chickpea
Black,7.51,16.3,45.8,451.7,Chickpea
Red,6.04,25.0,51.0,581.5,Groundnut
Clayey,6.96,33.2,74.4,1410.4,Sugarcane
Clayey,7.16,30.2,88.1,1942.0,Jute
Black,6.86,22.0,43.0,297.5,Chickpea
Loamy,6.81,16.0,49.3,481.5,Wheat
Loamy,6.36,20.0,64.9,838.5,Maize
Clayey,6.96,34.1,75.2,1559.8,Sugarcane
Black,7.24,31.0,69.2,931.5,Cotton
Loamy,6.09,24.5,65.0,651.6,Maize
Loamy,7.01,20.6,44.4,445.9,Wheat
Clayey,6.73,24.2,77.3,1554.7,Paddy
Laterite,5.06,17.5,90.0,2135.0,Tea
Alluvial,6.58,31.1,72.8,1263.5,Banana
Red,6.46,26.9,49.1,628.6,Groundnut
Alluvial,6.33,29.4,75.8,1591.2,Paddy
Red,6.5,27.0,60.5,622.6,Maize
Alluvial,6.44,27.0,77.4,1836.3,Coconut
Alluvial,6.98,15.5,55.4,637.5,Wheat
Loamy,7.16,20.9,39.4,397.5,Chickpea
Black,6.87,32.1,49.2,521.3,Black Gram
Alluvial,6.95,28.5,76.4,1386.6,Sugarcane
Alluvial,6.44,14.3,46.8,479.8,Wheat
Loamy,6.79,17.6,56.7,508.2,Wheat
Loamy,7.17,29.9,79.4,1231.7,Banana
Alluvial,6.82,15.3,47.5,568.6,Wheat
Black,7.86,28.1,63.4,831.4,Cotton
Alluvial,6.75,34.4,84.4,1746.7,Jute
Clayey,6.56,17.2,46.7,483.3,Wheat
Loamy,6.77,28.6,84.4,1438.0,Banana
Red,6.38,23.4,65.7,787.4,Maize
Loamy,6.96,20.5,45.4,432.5,Chickpea
Loamy,7.08,20.4,40.5,366.2,Chickpea
Black,7.53,16.4,41.9,359.3,Chickpea
Black,8.01,21.4,42.9,406.0,Chickpea
Alluvial,6.54,30.1,85.4,1944.8,Jute
Red,6.24,26.2,40.9,454.0,Millets
Laterite,4.92,19.6,86.8,2329.2,Tea
Clayey,6.69,18.7,48.1,512.3,Wheat
Alluvial,7.02,16.1,41.9,501.5,Wheat
Loamy,6.45,20.6,70.4,733.9,Maize
Red,6.51,26.4,54.3,677.4,Groundnut
Black,7.6,31.4,62.5,873.7,Cotton
Clayey,6.6,18.9,49.4,561.8,Wheat
Loamy,6.79,32.4,75.0,1426.3,Sugarcane
Red,6.67,29.7,62.6,514.1,Groundnut
Alluvial,7.1,31.0,87.3,1830.7,Jute
Clayey,6.14,26.3,83.7,1744.5,Paddy
Sandy,5.72,25.2,45.0,424.2,Millets
Black,7.76,27.9,54.2,752.4,Cotton
Clayey,7.27,28.9,55.7,535.8,Black Gram
Laterite,5.01,17.5,87.0,2266.4,Tea
Loamy,6.55,32.3,73.0,1363.9,Sugarcane
Laterite,6.06,18.6,66.0,1708.1,Coffee
Red,5.57,19.6,79.2,1885.2,Coffee
Red,5.48,22.5,76.1,1684.7,Coffee
Loamy,7.03,16.0,40.7,480.8,Wheat
Red,5.34,25.6,46.5,336.7,Millets
Alluvial,6.18,23.8,81.8,1796.9,Paddy
Alluvial,7.12,35.3,70.1,1456.4,Sugarcane
Red,5.79,19.7,77.5,1661.8,Coffee
Sandy,6.45,25.3,57.8,699.5,Groundnut
Loamy,7.11,18.1,39.6,427.7,Chickpea
Black,7.65,21.6,41.8,293.5,Chickpea
Sandy,6.42,25.7,57.5,525.9,Groundnut
Clayey,6.35,27.1,77.5,1553.5,Paddy
Loamy,6.21,24.1,75.8,842.8,Maize
Loamy,7.0,27.1,50.0,528.1,Black Gram
Sandy,6.76,26.1,49.6,497.5,Groundnut
Alluvial,6.94,32.9,76.8,1396.9,Banana
Sandy,6.65,28.3,79.6,1898.9,Coconut
Loamy,6.39,22.4,67.3,784.0,Maize
Alluvial,6.52,24.7,78.5,1374.2,Banana
Clayey,7.21,30.2,75.1,1098.1,Sugarcane
Alluvial,6.95,28.9,78.0,1481.6,Sugarcane
Alluvial,6.97,16.2,51.0,537.1,Wheat
Sandy,6.22,28.3,34.4,405.0,Millets
Alluvial,7.1,27.6,76.8,1458.0,Banana
Red,6.58,24.2,63.9,682.8,Maize
Black,7.31,28.6,59.9,896.0,Cotton
Black,7.76,29.7,60.9,778.6,Cotton
Black,6.94,26.7,59.5,804.3,Cotton
Alluvial,6.83,33.6,89.4,1854.3,Jute
Clayey,6.62,26.2,79.8,1677.5,Paddy
Loamy,5.95,21.2,64.5,834.0,Maize
Alluvial,6.82,16.8,44.3,644.4,Wheat
Alluvial,6.72,28.7,66.1,1885.0,Coconut
Alluvial,7.12,27.0,67.6,1940.9,Coconut
Sandy,6.24,26.5,53.0,644.9,Groundnut
Black,7.52,20.6,43.0,440.6,Chickpea
Laterite,5.12,18.0,90.1,2561.0,Tea
Black,7.76,28.3,63.5,953.5,Cotton
Loamy,7.4,30.8,75.0,1637.3,Sugarcane
Sandy,5.65,27.9,38.9,352.5,Millets
Loamy,7.16,17.3,35.1,362.9,Chickpea
Loamy,6.81,30.1,80.6,1478.7,Banana
Loamy,5.28,14.4,83.4,2553.9,Tea
Red,5.94,19.6,80.0,1575.3,Coffee
Sandy,6.79,30.4,55.3,575.8,Groundnut
Loamy,6.32,26.7,59.4,733.9,Maize
Sandy,6.21,26.0,54.0,606.8,Groundnut
Sandy,5.82,26.2,43.9,435.6,Millets
Alluvial,6.73,29.8,84.0,1870.4,Jute
Red,5.97,27.0,74.6,1778.5,Coconut
Sandy,6.48,25.8,51.0,496.1,Groundnut
Red,6.01,29.0,34.1,402.8,Millets
Alluvial,6.44,16.6,49.5,586.1,Wheat
Clayey,6.63,29.3,80.2,1540.4,Banana
Sandy,6.0,27.7,36.7,479.2,Millets
Laterite,5.97,20.7,83.1,1689.6,Coffee
Sandy,6.5,29.1,38.7,386.8,Millets
Loamy,7.12,20.9,42.7,353.9,Chickpea
Laterite,5.8,22.2,76.4,1825.4,Coffee
Black,7.65,31.5,53.5,780.9,Cotton
Sandy,6.08,25.3,48.0,472.1,Groundnut
Loamy,6.85,16.5,53.2,598.3,Wheat
Red,6.26,28.7,71.2,1932.7,Coconut
Clayey,7.57,32.0,76.5,1250.9,Sugarcane
Alluvial,5.97,25.3,88.1,1702.8,Paddy
Clayey,6.71,27.4,81.8,1446.8,Banana
Laterite,5.34,19.8,87.1,2592.2,Tea
Alluvial,6.4,25.8,83.4,1342.2,Paddy
Sandy,6.1,27.8,46.2,434.6,Millets
Alluvial,7.2,32.3,87.2,1856.6,Jute
Loamy,7.16,28.4,84.3,1535.7,Banana
Red,6.52,27.4,37.3,406.6,Millets
Black,7.62,21.7,40.0,432.7,Chickpea
Sandy,6.11,28.6,71.0,1669.4,Coconut
Sandy,6.87,33.6,68.9,1779.5,Coconut
Alluvial,6.6,28.4,79.8,1706.2,Coconut
Loamy,5.9,27.9,82.0,1408.5,Banana
Loamy,6.76,29.3,79.2,1453.7,Banana
Alluvial,7.23,27.0,61.9,949.2,Cotton
Clayey,6.2,26.4,85.3,1818.9,Paddy
Sandy,6.2,32.3,73.3,1712.6,Coconut
Red,5.38,21.1,76.8,1709.2,Coffee
Alluvial,7.0,27.7,89.4,1945.9,Jute
Alluvial,6.03,23.6,61.2,709.1,Maize
Red,6.56,29.1,75.3,1669.5,Coconut
Laterite,5.42,19.9,78.3,2062.3,Coffee
Black,7.24,17.5,38.8,357.8,Chickpea
Alluvial,6.37,34.3,89.4,1799.9,Jute
Black,7.83,20.2,46.0,386.5,Chickpea
Sandy,5.88,28.4,51.1,703.2,Groundnut
Laterite,5.95,22.2,77.6,1794.2,Coffee
Alluvial,6.58,32.1,76.6,1553.5,Coconut
Sandy,7.05,29.0,77.4,1881.3,Coconut
Red,5.5,29.8,44.9,456.7,Millets
Loamy,6.86,15.7,45.0,584.2,Wheat
Black,8.2,26.9,51.9,717.7,Cotton
Clayey,6.99,31.3,94.4,1511.6,Jute
Alluvial,5.91,28.0,85.5,1664.7,Coconut
Red,6.22,26.7,44.4,415.0,Millets
Clayey,6.09,27.9,77.1,1552.0,Paddy
Loamy,6.68,24.7,52.6,457.2,Black Gram
Alluvial,6.78,27.8,73.5,1743.3,Coconut
Black,7.82,30.0,60.6,851.1,Cotton
Black,7.62,27.4,58.8,951.5,Cotton
Laterite,5.0,19.2,89.0,2214.7,Tea
Red,6.28,24.6,48.2,360.6,Millets
Laterite,5.22,21.5,89.9,2232.9,Tea
Black,7.11,20.9,42.0,362.2,Chickpea
Sandy,6.29,24.5,51.8,398.8,Millets
Red,5.93,26.7,47.9,483.6,Millets
Clayey,6.79,26.2,78.7,1587.5,Paddy
Black,7.34,17.6,44.5,292.9,Chickpea
Red,5.91,28.8,40.1,454.2,Millets
Red,5.74,31.1,46.0,422.6,Millets
Sandy,6.54,29.6,77.6,1985.3,Coconut
Black,7.61,29.4,57.7,814.9,Cotton
Black,8.15,31.1,51.8,821.8,Cotton
Clayey,6.84,28.8,48.4,481.1,Black Gram
Alluvial,6.28,27.2,75.3,1672.6,Coconut
Red,5.58,19.0,80.1,1678.1,Coffee
Laterite,6.07,20.2,79.7,1724.8,Coffee
Black,7.85,26.9,63.5,667.4,Cotton
Laterite,5.02,18.3,94.6,2145.1,Tea
Laterite,4.44,14.3,89.6,2428.6,Tea
Clayey,7.16,33.9,72.1,1304.9,Sugarcane
Clayey,7.42,29.5,42.4,489.8,Black Gram
Alluvial,6.92,32.1,75.0,1227.9,Sugarcane
Loamy,6.37,26.1,65.8,708.8,Maize
Alluvial,7.05,30.6,82.8,1359.9,Banana
Red,6.68,29.8,69.2,1901.3,Coconut
Black,7.11,18.4,48.0,326.3,Chickpea
Clayey,6.2,28.0,85.4,1554.5,Paddy
Black,7.88,29.1,59.3,792.3,Cotton
Loamy,6.06,29.8,79.8,1480.5,Banana
Loamy,6.83,29.0,53.2,424.0,Black Gram
Clayey,6.46,24.4,81.4,1560.8,Paddy
Alluvial,6.92,30.2,78.6,1424.6,Banana
Laterite,5.93,22.0,71.9,1905.5,Coffee
Red,5.48,27.3,49.0,472.9,Millets
Loamy,7.52,30.2,70.1,1418.0,Sugarcane
Sandy,6.17,25.8,54.2,662.1,Groundnut
Clayey,7.06,34.0,74.3,1612.2,Sugarcane
Alluvial,6.06,27.6,77.5,1738.6,Paddy
Black,6.89,16.8,43.5,394.1,Chickpea
Red,6.53,27.5,72.1,1816.5,Coconut
Loamy,6.97,30.2,55.9,478.4,Black Gram
Clayey,6.55,28.9,81.8,1696.8,Paddy
Loamy,6.7,28.9,84.0,1324.4,Banana
Sandy,6.55,28.6,69.9,1962.6,Coconut
Laterite,5.17,17.8,93.5,2349.2,Tea
Red,5.35,27.3,42.7,389.7,Millets
Loamy,7.16,15.8,42.7,313.2,Chickpea
Red,6.34,25.8,62.8,689.8,Maize
Sandy,6.87,27.9,55.3,655.1,Groundnut
Clayey,6.45,28.2,78.5,1848.9,Paddy
Loamy,6.11,23.2,70.6,730.8,Maize
Sandy,6.21,32.0,37.6,376.7,Millets
Sandy,5.78,28.5,76.8,1575.4,Coconut
Red,6.61,26.8,57.1,715.0,Maize
Sandy,6.29,27.2,47.4,580.1,Groundnut
Loamy,6.72,29.2,60.1,451.7,Black Gram
Alluvial,6.95,26.6,79.8,1635.0,Coconut
Loamy,6.88,28.8,53.5,501.6,Black Gram
Clayey,6.82,31.1,47.6,602.1,Black Gram
Loamy,6.81,21.2,46.2,454.6,Wheat
Loamy,6.65,24.4,61.5,736.7,Maize
Loamy,6.86,24.0,73.0,698.8,Maize
Alluvial,6.71,28.7,77.3,1575.0,Coconut
Red,6.19,26.1,59.4,595.0,Groundnut
Sandy,6.42,24.4,56.8,620.3,Groundnut
Black,6.85,30.0,53.9,900.8,Cotton
Black,7.22,28.9,68.4,857.0,Cotton
Laterite,5.49,18.1,88.4,2523.8,Tea
Clayey,6.26,24.9,79.5,1745.5,Paddy
Black,7.31,28.8,59.8,834.6,Cotton
Red,6.63,29.2,58.4,544.5,Groundnut
Alluvial,6.8,33.2,91.4,1909.7,Jute
Alluvial,6.86,23.2,63.0,634.2,Maize
Clayey,7.28,31.3,49.0,437.5,Black Gram
Loamy,7.19,29.4,51.0,423.4,Black Gram
Laterite,5.01,18.8,88.8,2341.2,Tea
Laterite,4.82,17.4,89.5,2462.8,Tea
Sandy,6.66,30.4,71.2,1660.4,Coconut
Loamy,6.54,29.5,62.0,1415.2,Sugarcane
Laterite,5.11,18.4,90.1,2421.8,Tea
Red,6.75,25.8,55.1,478.3,Groundnut
Clayey,7.05,28.9,73.7,1303.0,Sugarcane
Clayey,7.41,29.0,51.0,452.8,Black Gram
Clayey,6.6,34.1,87.7,1862.6,Jute
Alluvial,6.91,32.1,87.3,1874.1,Jute
Loamy,6.8,29.6,77.3,1464.8,Banana
Alluvial,6.03,30.0,82.9,1945.1,Coconut
Red,6.77,26.3,43.5,366.2,Millets
Red,6.34,26.8,53.3,522.0,Groundnut
Alluvial,7.09,27.9,76.1,1613.6,Coconut
Black,7.57,31.3,63.7,854.3,Cotton
Laterite,4.4,18.3,83.9,2240.0,Tea
Clayey,7.15,32.4,79.7,1368.6,Sugarcane
Black,7.61,29.8,62.8,713.4,Cotton
Loamy,7.52,17.6,46.3,335.0,Chickpea
Alluvial,6.81,31.0,76.5,1792.5,Coconut
Red,6.13,30.2,37.7,435.2,Millets
Loamy,6.17,26.7,70.7,802.5,Maize
Alluvial,6.2,29.0,80.7,1754.5,Paddy
Laterite,5.2,16.4,89.8,2348.8,Tea
Loamy,6.49,25.0,57.0,606.5,Black Gram
Laterite,5.23,18.8,75.9,1654.0,Coffee
Clayey,7.83,32.4,70.0,1287.8,Sugarcane
Loamy,7.01,29.7,47.5,390.3,Black Gram
Laterite,4.99,15.9,87.5,2407.3,Tea
Sandy,6.73,26.1,60.0,485.7,Groundnut
Alluvial,6.6,25.8,83.7,1586.7,Paddy
Black,7.09,30.4,58.5,844.9,Cotton
Loamy,6.74,20.8,46.3,491.7,Wheat
Clayey,6.38,24.9,83.0,1509.4,Paddy
Clayey,6.94,29.5,74.1,1182.0,Sugarcane
Black,7.83,31.5,54.0,813.7,Cotton
Black,8.0,29.6,70.0,896.8,Cotton
Alluvial,7.06,28.0,73.2,1461.4,Sugarcane
Red,6.29,28.5,61.4,712.8,Maize
Clayey,5.98,25.5,83.6,1738.9,Paddy
Clayey,6.4,27.7,84.5,1679.2,Paddy
Loamy,6.6,25.8,87.6,1422.4,Banana
Red,6.36,24.9,66.2,668.3,Maize
Loamy,6.06,26.0,66.0,707.5,Maize
Red,6.09,31.0,44.6,329.3,Millets
Sandy,6.31,28.0,61.9,532.2,Groundnut
Black,6.89,31.4,50.4,442.3,Black Gram
Sandy,6.47,28.2,77.0,1756.3,Coconut
Sandy,6.62,28.7,54.3,645.5,Groundnut
Clayey,6.72,33.1,86.1,1843.6,Jute
Clayey,6.57,30.0,52.0,545.5,Black Gram
Sandy,6.06,27.4,42.4,395.1,Millets
Loamy,6.55,31.8,77.2,1461.9,Banana
Loamy,7.39,17.6,35.3,418.2,Chickpea
Black,7.12,20.6,44.8,291.3,Chickpea
Red,6.08,24.8,54.5,559.9,Groundnut
Loamy,6.76,29.5,80.6,1373.7,Banana
Alluvial,6.82,29.5,73.9,1743.8,Coconut
Sandy,6.5,27.7,75.7,1901.0,Coconut
Alluvial,6.56,29.5,79.5,1482.1,Coconut
Alluvial,6.41,38.0,86.9,1777.1,Jute
Loamy,6.71,18.6,48.8,482.7,Wheat
Red,6.21,27.0,66.6,733.0,Maize
Laterite,4.71,15.7,86.1,2334.6,Tea
Red,5.66,28.6,41.2,449.6,Millets
Black,8.09,30.6,52.3,765.7,Cotton
Laterite,5.56,20.2,71.8,1706.2,Coffee
Loamy,6.95,24.9,74.4,1460.0,Banana
Black,6.38,28.9,43.3,430.1,Black Gram
Sandy,6.32,24.5,57.8,556.4,Groundnut
Black,7.75,20.8,39.5,457.5,Chickpea
Alluvial,5.99,28.1,83.6,1387.5,Banana
Alluvial,7.04,24.5,78.2,1684.9,Paddy
Black,6.95,29.1,45.3,528.0,Black Gram
Alluvial,6.62,32.9,90.0,1934.8,Jute
Black,6.69,21.0,42.7,430.8,Chickpea
Black,8.04,28.9,57.9,923.3,Cotton
Loamy,6.46,30.2,77.8,1351.8,Banana
Laterite,5.94,27.6,48.5,440.7,Millets
Clayey,7.09,28.3,80.0,2003.8,Paddy
Sandy,6.43,29.3,76.8,1771.7,Coconut
Black,7.12,32.5,58.5,479.4,Black Gram
Sandy,6.1,27.2,42.0,408.3,Millets
Laterite,5.63,21.0,75.0,1848.2,Coffee
Alluvial,6.66,30.6,81.5,1363.1,Banana
Red,6.43,26.7,59.8,526.6,Groundnut
Alluvial,6.28,24.7,81.8,1571.0,Paddy
Alluvial,7.41,35.7,86.4,1605.4,Jute
Clayey,6.51,32.0,74.1,1332.3,Sugarcane
Red,6.18,22.2,67.9,765.1,Maize
Clayey,7.07,29.8,82.4,1404.4,Banana
Loamy,7.33,34.1,68.9,1197.1,Sugarcane
Red,5.91,28.7,56.8,532.2,Groundnut
Loamy,6.97,28.1,54.8,523.9,Black Gram
Loamy,6.69,25.2,62.0,839.1,Maize
Alluvial,7.77,29.7,55.4,761.5,Cotton
Clayey,6.54,27.6,86.7,1703.5,Paddy
Clayey,7.29,31.5,77.7,1544.9,Sugarcane
Clayey,6.57,29.0,46.9,584.6,Black Gram
Laterite,5.72,18.5,72.1,1400.0,Coffee
Loamy,6.84,18.7,46.7,603.7,Wheat
Laterite,5.02,18.2,88.6,2455.5,Tea
Loamy,6.02,23.6,67.6,730.5,Maize
Loamy,7.29,30.6,53.7,453.7,Black Gram
Red,6.22,27.2,41.9,427.2,Millets
Black,6.89,27.8,60.5,756.9,Cotton
Clayey,6.45,27.7,82.3,1716.0,Paddy
Clayey,7.06,25.4,53.2,477.8,Black Gram
Alluvial,7.03,30.0,57.4,700.1,Cotton
Alluvial,7.49,33.2,74.1,1189.8,Sugarcane
Alluvial,7.01,30.8,85.6,2096.5,Jute
Alluvial,6.15,29.0,80.2,1885.7,Paddy
Loamy,7.35,30.2,77.1,1546.3,Sugarcane
Red,6.73,29.1,55.1,537.0,Groundnut
Clayey,6.48,20.2,49.3,472.7,Wheat
Loamy,6.64,26.1,65.2,782.7,Maize
Black,7.39,31.1,40.8,444.1,Black Gram
Laterite,6.2,31.1,52.4,451.5,Millets
Red,6.69,28.5,53.0,656.3,Groundnut
Laterite,5.17,18.6,90.5,2367.6,Tea
Loamy,7.17,14.3,46.6,549.8,Wheat
Loamy,7.5,17.5,44.9,453.7,Chickpea
Clayey,6.64,25.1,85.7,1558.6,Paddy
Laterite,4.98,18.7,88.5,2430.0,Tea
Red,5.73,21.9,77.4,1751.5,Coffee
Red,6.15,29.8,49.0,640.4,Groundnut
Alluvial,7.12,29.5,71.3,1490.0,Sugarcane
Loamy,7.36,27.5,73.1,1335.2,Sugarcane
Sandy,6.94,25.3,54.3,654.6,Groundnut
Laterite,5.84,19.6,71.1,1738.3,Coffee
Clayey,6.58,25.2,82.4,1709.6,Paddy
Black,7.87,26.4,59.0,867.3,Cotton
Black,7.71,28.8,57.8,731.4,Cotton
Alluvial,6.86,30.3,65.6,1447.0,Sugarcane
Loamy,5.44,21.2,79.7,1922.1,Coffee
Laterite,5.92,19.4,76.5,1628.4,Coffee
Alluvial,6.47,29.2,83.3,1658.3,Paddy
Laterite,4.71,22.5,92.6,2426.2,Tea
Black,7.37,20.3,45.9,408.9,Chickpea
Alluvial,6.96,32.9,88.9,1723.1,Jute
Sandy,6.43,25.4,52.3,598.4,Groundnut
Clayey,6.27,28.9,76.1,1562.8,Paddy
Alluvial,7.23,30.2,80.9,1740.6,Jute
Red,5.64,26.1,43.4,319.9,Millets
Loamy,6.76,27.4,75.8,1420.2,Banana
Sandy,5.98,28.7,73.2,1901.4,Coconut
Clayey,7.41,30.4,72.9,1513.2,Sugarcane
Laterite,5.14,20.3,84.0,2109.0,Tea
Clayey,6.64,31.1,73.7,1294.8,Sugarcane
Laterite,4.87,15.5,90.3,2175.5,Tea
Black,7.9,18.4,47.5,472.4,Chickpea
Loamy,6.62,18.4,43.8,535.2,Wheat
Laterite,5.68,19.0,73.5,1414.0,Coffee
Clayey,6.88,30.3,84.6,1921.9,Jute
Sandy,5.78,28.8,53.2,416.6,Millets
Loamy,6.74,17.4,42.7,496.7,Wheat
Loamy,6.39,29.5,80.8,1312.7,Banana
Laterite,5.97,20.1,75.1,1713.5,Coffee
Laterite,5.38,26.0,78.3,1648.4,Coffee
Loamy,7.57,16.5,52.1,537.2,Wheat
Loamy,6.67,31.8,82.7,1274.0,Banana
Clayey,6.76,30.2,74.1,1534.1,Sugarcane
Sandy,5.81,26.3,40.7,447.0,Millets
Laterite,5.44,18.0,76.0,1898.3,Coffee
Loamy,6.75,16.0,50.5,590.4,Wheat
Clayey,6.57,33.0,57.5,499.9,Black Gram
Alluvial,7.19,30.8,89.2,1763.0,Jute
Alluvial,6.12,27.4,81.4,1439.3,Banana
Black,6.97,29.8,53.7,412.5,Black Gram
Loamy,7.27,32.3,71.9,1271.3,Sugarcane
Loamy,6.73,25.8,51.1,448.5,Black Gram
Black,7.91,30.0,53.5,923.7,Cotton
Clayey,6.62,33.8,76.1,1087.0,Sugarcane
Alluvial,6.8,17.5,54.6,516.7,Wheat
Loamy,6.71,22.5,66.5,829.5,Maize
Loamy,7.28,31.0,77.0,1343.1,Sugarcane
Black,7.26,27.1,58.2,781.5,Cotton
Clayey,6.77,30.3,78.1,1396.8,Sugarcane
Laterite,5.51,21.0,79.2,1660.1,Coffee
Loamy,6.86,25.9,75.3,1413.4,Banana
Black,7.65,17.4,39.1,317.5,Chickpea
Red,5.84,22.8,75.1,1957.4,Coffee
Alluvial,7.15,27.5,75.0,2055.1,Coconut
Loamy,6.29,30.2,83.0,1502.3,Banana
Black,7.19,26.4,56.5,867.4,Cotton
Sandy,6.04,25.1,47.5,412.5,Millets
Loamy,6.92,29.2,51.9,426.7,Black Gram
Alluvial,7.71,27.9,59.4,788.2,Cotton
Red,6.22,29.7,46.6,436.5,Millets
Black,7.42,28.7,55.7,438.7,Black Gram
Laterite,5.27,18.5,92.6,2421.0,Tea
Alluvial,7.04,29.7,82.9,1970.6,Jute
Sandy,6.43,26.6,52.0,601.5,Groundnut
Alluvial,6.58,30.4,86.2,1568.0,Coconut
Loamy,6.83,29.1,77.0,1333.0,Sugarcane
Loamy,6.97,24.2,50.2,528.2,Black Gram
Alluvial,6.53,30.1,69.4,1530.0,Coconut
Laterite,5.76,24.3,74.2,2002.6,Coffee
Laterite,5.22,22.5,74.0,1727.5,Coffee
Alluvial,6.22,27.0,83.4,1474.8,Paddy
Loamy,6.72,34.1,69.8,1407.0,Sugarcane
Laterite,5.81,21.0,79.1,1719.8,Coffee
Clayey,7.21,26.7,47.8,570.3,Black Gram
Alluvial,7.15,33.2,75.1,1310.4,Sugarcane
Loamy,6.35,18.3,49.0,497.8,Wheat
Clayey,7.18,33.3,73.3,1248.2,Sugarcane
Loamy,7.31,19.6,44.4,344.3,Chickpea
Alluvial,7.45,23.1,63.4,760.9,Cotton
Black,7.54,28.5,61.6,813.0,Cotton
Sandy,6.21,23.5,73.9,1746.4,Coconut
Laterite,4.82,18.1,87.4,2310.0,Tea
Loamy,6.6,27.1,81.2,1338.6,Banana
Clayey,6.39,29.1,74.1,1206.2,Sugarcane
Sandy,6.45,26.3,60.8,604.0,Groundnut
Laterite,5.86,23.5,78.4,1690.0,Coffee
Loamy,6.68,30.7,77.9,1295.5,Banana
Clayey,6.78,24.2,82.7,1555.3,Paddy
Alluvial,6.24,30.2,80.7,1644.6,Paddy
Laterite,4.68,18.5,87.4,2315.0,Tea
Loamy,6.96,15.9,45.4,465.7,Wheat
Laterite,4.89,18.0,88.9,2336.9,Tea
Loamy,6.7,14.6,41.5,429.8,Wheat
Loamy,6.96,29.8,81.4,1397.2,Banana
Clayey,6.15,27.7,82.2,1560.7,Paddy
Alluvial,7.72,28.9,62.8,744.6,Cotton
Sandy,6.32,25.3,53.9,630.0,Groundnut
Alluvial,6.33,29.7,75.6,1522.8,Coconut
Alluvial,6.98,31.7,70.2,1345.6,Sugarcane
Clayey,6.5,30.9,83.5,1339.1,Banana
Clayey,6.4,24.1,82.4,1867.1,Paddy
Red,5.79,22.2,74.8,1679.2,Coffee
Sandy,6.13,28.9,68.5,1652.0,Coconut
Alluvial,6.76,35.2,83.5,1974.9,Jute
Red,6.69,28.7,54.6,446.5,Millets
Black,7.45,29.1,60.1,653.4,Cotton
Black,6.34,27.5,60.2,564.7,Black Gram
Alluvial,7.48,28.6,55.9,863.0,Cotton
Red,6.77,27.4,68.7,718.4,Maize
Alluvial,6.12,27.2,80.2,1800.3,Paddy
Alluvial,7.03,29.4,78.6,1285.5,Banana
Clayey,6.19,29.0,83.7,1806.4,Paddy
Laterite,5.81,26.7,40.8,401.2,Millets
Clayey,6.71,26.6,75.7,1271.6,Sugarcane
Alluvial,6.97,14.1,51.4,550.1,Wheat
Laterite,5.54,18.3,90.0,2487.9,Tea
Loamy,7.16,29.8,84.2,1267.6,Banana
Loamy,7.16,28.4,49.1,517.5,Black Gram
Red,6.64,29.1,50.2,326.0,Millets
Clayey,7.17,34.1,93.5,1956.0,Jute
Clayey,6.59,24.3,79.2,1643.1,Paddy
Sandy,5.94,27.9,74.8,1789.3,Coconut
Clayey,7.23,36.1,75.9,1262.6,Sugarcane
Clayey,6.22,25.7,86.9,1585.8,Paddy
Loamy,6.88,18.0,45.0,476.9,Wheat
Laterite,5.69,21.9,78.3,1895.9,Coffee
Sandy,6.08,24.6,55.1,638.5,Groundnut
Black,7.55,27.7,54.0,794.4,Cotton
Loamy,6.82,25.5,74.0,1309.3,Banana
Loamy,6.55,28.5,73.0,1292.9,Sugarcane
Loamy,6.5,29.7,79.8,1389.8,Banana
Black,7.82,18.9,52.4,426.4,Chickpea
Loamy,6.7,25.1,67.5,718.5,Maize
Black,7.59,21.3,43.9,404.4,Chickpea
Red,5.83,30.0,40.4,461.3,Millets
Loamy,6.62,24.5,66.9,918.8,Maize
Clayey,6.86,26.7,80.2,1569.7,Paddy
Clayey,6.64,32.5,62.6,405.9,Black Gram
Loamy,6.86,15.9,52.0,419.0,Wheat
Loamy,6.71,28.4,70.8,1261.2,Sugarcane
Clayey,6.39,35.1,88.8,1959.1,Jute
Red,6.27,22.3,76.7,1657.3,Coffee
Clayey,7.17,34.1,84.5,1803.1,Jute
Red,6.17,25.1,54.6,680.3,Groundnut
Loamy,6.48,27.7,80.7,1488.7,Banana
Red,7.04,31.0,71.7,717.3,Maize
Alluvial,6.15,28.6,91.0,1514.6,Paddy
Loamy,6.72,17.0,51.6,576.3,Wheat
Clayey,7.63,26.7,77.8,1512.1,Sugarcane
Sandy,6.4,27.6,71.7,1890.8,Coconut
Loamy,6.71,23.6,67.2,836.0,Maize
Laterite,4.7,18.5,88.9,2331.7,Tea
Red,6.32,32.3,48.2,387.2,Millets
Laterite,5.0,20.7,85.9,2245.1,Tea
Alluvial,7.18,31.2,81.4,2008.1,Jute
Loamy,7.81,16.9,38.6,413.5,Chickpea
Black,7.08,20.2,36.3,337.7,Chickpea
Red,6.63,26.0,62.9,669.7,Maize
Sandy,6.39,26.5,50.1,612.3,Groundnut
Alluvial,7.0,17.9,42.4,461.7,Wheat
Alluvial,6.71,21.8,67.5,616.1,Maize
Red,6.2,30.0,37.5,413.5,Millets
Laterite,4.87,15.4,86.8,2301.4,Tea
Red,6.11,27.7,75.4,1772.2,Coconut
Laterite,5.18,17.9,90.6,2583.6,Tea
Black,6.91,17.7,43.2,416.3,Chickpea
Black,7.56,33.6,52.5,741.2,Cotton
Alluvial,6.72,31.1,84.6,1940.4,Jute
Clayey,6.72,31.5,73.5,1134.5,Sugarcane
Sandy,5.94,26.2,54.6,631.8,Groundnut
Clayey,6.33,28.8,78.8,1667.9,Paddy
Black,7.25,30.1,59.2,708.3,Cotton
Laterite,5.02,14.4,87.2,2351.2,Tea
Clayey,6.56,28.0,79.9,1644.4,Paddy
Laterite,5.1,18.7,86.8,2475.7,Tea
Clayey,6.73,29.5,76.4,1329.6,Sugarcane
Loamy,6.6,28.7,80.7,1465.5,Banana
Loamy,6.91,23.7,60.2,727.5,Maize
Sandy,6.15,31.5,41.8,433.9,Millets
Sandy,6.56,24.5,44.1,402.8,Millets
Alluvial,6.99,31.6,56.5,782.3,Cotton
Sandy,6.68,27.3,74.2,1856.9,Coconut
Alluvial,6.1,24.6,57.9,641.7,Maize
Loamy,6.7,28.1,51.5,449.1,Black Gram
Alluvial,6.49,26.9,77.0,1578.7,Banana
Alluvial,6.4,19.2,52.8,536.8,Wheat
Loamy,6.6,12.2,48.5,565.3,Wheat
Alluvial,5.94,30.8,84.1,1636.7,Paddy
Laterite,5.53,20.0,73.8,1794.1,Coffee
Sandy,6.37,26.9,39.0,455.3,Millets
Alluvial,7.05,30.8,81.2,2102.7,Jute
Clayey,6.49,25.5,85.4,1713.9,Paddy
Alluvial,6.7,32.6,84.1,1901.7,Jute
Clayey,6.58,28.5,81.3,1553.5,Banana
Clayey,6.66,27.9,83.7,1829.0,Paddy
Clayey,6.96,26.0,44.9,545.0,Black Gram
Clayey,7.0,32.8,85.2,1746.9,Jute
Laterite,4.91,18.5,85.5,2236.2,Tea
Red,6.32,26.7,57.5,679.2,Groundnut
Black,7.4,30.6,55.6,813.0,Cotton
Loamy,6.88,26.5,49.5,481.1,Black Gram
Alluvial,6.73,26.4,80.5,1767.0,Coconut
Red,5.7,28.6,42.5,434.1,Millets
Alluvial,6.78,18.7,52.6,535.6,Wheat
Sandy,6.28,24.5,73.9,1764.2,Coconut
Laterite,5.37,20.1,80.5,1851.1,Coffee
Alluvial,6.52,28.5,70.3,1785.7,Coconut
Clayey,6.82,32.7,90.6,1770.7,Jute
Loamy,6.63,28.0,58.5,445.7,Black Gram
Red,6.29,30.3,44.7,394.6,Millets
Laterite,5.2,17.4,84.1,2203.1,Tea
Alluvial,7.44,30.5,76.3,1369.0,Sugarcane
Clayey,7.31,28.8,51.8,470.5,Black Gram
Clayey,6.9,29.7,53.3,524.9,Black Gram
Laterite,5.93,24.1,68.3,1400.0,Coffee
Alluvial,6.88,35.1,89.8,1807.8,Jute
Loamy,6.38,26.8,64.2,764.0,Maize
Alluvial,6.47,29.3,78.8,1456.8,Banana
Loamy,6.48,29.5,76.4,1609.6,Banana
Clayey,6.55,30.8,87.5,1500.0,Jute
Loamy,6.75,17.0,44.6,525.4,Wheat
Loamy,6.17,30.0,82.9,1555.8,Banana
Alluvial,6.95,15.8,50.5,534.4,Wheat
Sandy,6.6,29.0,75.2,1738.4,Coconut
Clayey,6.77,30.0,90.9,1816.8,Jute
Loamy,7.37,19.9,41.0,370.5,Chickpea
Laterite,5.75,31.7,37.5,371.2,Millets
Red,5.96,26.8,53.4,569.4,Groundnut
Loamy,6.29,29.1,73.6,1381.5,Banana
Black,6.85,29.0,52.3,466.2,Black Gram
Alluvial,6.42,27.8,88.4,1359.9,Banana
Loamy,6.7,29.7,78.7,1242.6,Banana
Loamy,6.89,32.4,76.0,1290.4,Sugarcane
Black,7.65,26.8,59.2,981.2,Cotton
Laterite,5.08,16.8,86.0,2182.0,Tea
Clayey,6.62,15.7,50.8,509.9,Wheat
Laterite,5.31,21.7,79.8,1822.4,Coffee
Loamy,7.28,27.7,55.2,443.6,Black Gram
Loamy,6.79,15.4,52.4,624.0,Wheat
Black,7.42,18.8,35.5,386.4,Chickpea
Red,5.67,27.0,45.0,465.3,Millets
Loamy,5.56,23.2,77.4,2051.0,Coffee
Alluvial,6.32,27.3,83.7,1787.8,Paddy
Clayey,7.0,32.7,71.2,1335.1,Sugarcane
Clayey,6.3,26.6,81.1,1739.7,Paddy
Red,5.96,28.4,47.2,388.2,Millets
Alluvial,6.68,31.0,87.5,1490.3,Banana
Alluvial,6.9,18.1,50.3,481.2,Wheat
Alluvial,6.46,27.4,72.3,1807.9,Coconut
Black,7.59,32.8,61.9,834.0,Cotton
Clayey,6.4,33.2,70.2,1215.6,Sugarcane
Laterite,4.9,17.3,87.2,2386.3,Tea
Loamy,6.87,19.7,52.7,578.2,Wheat
Clayey,7.01,34.5,67.8,1253.2,Sugarcane
Loamy,6.8,27.0,84.2,1313.4,Banana
Laterite,4.82,18.3,88.8,2374.1,Tea
Clayey,6.39,26.0,83.8,1637.4,Paddy
Loamy,6.49,29.9,78.0,1438.8,Banana
Sandy,5.97,30.3,46.3,404.9,Millets
Black,7.71,20.0,38.8,369.3,Chickpea
Alluvial,6.94,20.2,44.1,528.6,Wheat
Black,8.03,31.1,59.2,886.3,Cotton
Sandy,6.83,27.7,79.9,1966.7,Coconut
Clayey,6.65,28.2,79.3,1871.1,Paddy
Red,6.63,25.9,66.7,834.4,Maize
Clayey,6.44,23.9,79.5,1851.6,Paddy
Alluvial,6.42,25.7,80.7,1684.1,Paddy
Loamy,6.26,23.8,59.4,745.5,Maize
Alluvial,6.71,16.3,47.3,503.9,Wheat
Black,7.95,32.9,59.4,812.7,Cotton
Laterite,5.57,21.5,76.7,1829.6,Coffee
Laterite,5.1,19.8,84.8,2112.2,Tea
Laterite,5.83,22.2,77.9,1823.1,Coffee
Clayey,7.38,28.6,46.7,538.2,Black Gram
Alluvial,6.41,17.3,47.6,487.4,Wheat
Alluvial,7.24,29.7,73.5,1720.8,Coconut
Loamy,7.09,30.7,40.0,492.8,Black Gram
Laterite,5.95,18.0,76.9,1762.2,Coffee
Loamy,7.26,26.0,50.7,479.7,Black Gram
Laterite,5.75,18.5,76.4,1685.4,Coffee
Laterite,5.21,20.2,81.2,2570.1,Tea
Black,7.85,32.1,55.4,926.0,Cotton
Clayey,7.38,34.3,75.5,1432.3,Sugarcane
Alluvial,6.15,29.8,82.1,1709.4,Paddy
Black,7.25,18.8,39.4,366.9,Chickpea
Loamy,6.67,25.9,63.2,731.9,Maize
Clayey,7.27,32.6,69.8,1359.9,Sugarcane
Loamy,6.32,27.9,79.9,1445.1,Banana
Loamy,6.86,26.4,66.3,950.0,Maize
Black,6.78,15.7,44.1,488.8,Chickpea
Alluvial,6.93,28.3,87.8,1917.9,Jute
Clayey,6.03,28.6,84.6,1636.1,Paddy
Black,7.75,29.4,61.4,850.4,Cotton
Loamy,6.25,27.5,84.3,1432.4,Banana
Clayey,6.17,26.3,87.2,1610.6,Paddy
Alluvial,6.16,31.4,84.5,1701.6,Paddy
Red,5.28,27.7,47.3,424.1,Millets
Loamy,6.8,21.8,68.6,763.6,Maize
Clayey,6.82,34.5,52.6,439.3,Black Gram
Clayey,6.16,28.5,81.8,1521.4,Paddy
Sandy,6.14,25.5,52.6,494.4,Groundnut
Loamy,7.17,35.2,73.5,1375.4,Sugarcane
Loamy,6.77,23.3,63.1,722.5,Maize
Alluvial,6.55,20.3,46.3,507.3,Wheat
Sandy,6.4,25.3,52.8,551.8,Groundnut
Loamy,7.1,24.7,72.9,811.3,Maize
Loamy,6.77,19.0,45.4,577.2,Wheat
Laterite,4.67,17.0,86.4,2507.3,Tea
Sandy,6.34,26.1,52.5,480.0,Groundnut
Laterite,5.78,18.6,80.8,1693.7,Coffee
Black,7.11,18.7,49.4,389.8,Chickpea
Black,6.72,18.7,43.3,404.4,Chickpea
Laterite,5.44,16.9,92.1,2424.0,Tea
Sandy,7.03,28.7,76.8,1705.2,Coconut
Red,5.6,20.1,77.5,1629.6,Coffee
Alluvial,6.94,27.2,81.4,1440.5,Banana
Laterite,5.53,20.8,80.8,1674.8,Coffee
Loamy,6.47,28.2,84.4,1470.3,Banana
Laterite,6.16,25.6,49.4,387.6,Millets
Black,7.15,27.7,60.1,501.9,Black Gram
Black,6.86,19.0,37.8,365.3,Chickpea
Loamy,6.51,26.7,64.6,709.1,Maize
Black,7.32,20.5,40.0,349.4,Chickpea
Clayey,6.46,25.4,82.4,1507.0,Paddy
Red,6.47,25.8,55.8,616.2,Groundnut
Clayey,6.99,16.8,51.7,506.5,Wheat
Clayey,6.41,25.5,80.8,1799.3,Paddy
Alluvial,6.97,28.9,79.7,1729.3,Jute
Loamy,6.7,22.3,62.6,860.5,Maize
Clayey,6.25,27.4,78.6,1699.3,Paddy
Red,6.17,24.6,50.6,712.1,Groundnut
Laterite,5.55,19.8,74.2,1762.2,Coffee
Loamy,6.46,25.8,80.7,1650.6,Banana
Clayey,6.45,31.0,87.7,1859.5,Jute
Sandy,6.05,26.0,78.3,1917.5,Coconut
Alluvial,6.38,29.5,78.8,1701.9,Coconut
Loamy,6.23,23.8,68.4,684.4,Maize
Black,7.62,21.3,37.9,344.9,Chickpea
Laterite,4.79,16.4,90.3,2279.1,Tea
Clayey,6.62,34.9,86.5,1738.4,Jute
Laterite,5.37,21.9,75.9,1713.1,Coffee
Red,6.32,27.8,49.7,392.7,Millets
Clayey,6.83,33.4,76.3,1197.4,Sugarcane
Black,7.69,21.0,42.2,440.8,Chickpea
Loamy,7.21,35.1,76.6,1327.7,Sugarcane
Loamy,6.78,30.7,79.3,1226.2,Sugarcane
Loamy,7.27,28.1,70.6,1268.2,Sugarcane
Loamy,7.03,30.7,55.5,435.1,Black Gram
Alluvial,6.31,26.0,78.1,1688.2,Coconut
Loamy,6.63,17.1,50.0,484.3,Wheat
Clayey,6.03,30.1,80.5,1816.5,Paddy
Loamy,6.72,25.5,68.4,728.5,Maize
Red,6.42,24.4,65.1,796.8,Maize
Black,7.44,28.9,64.1,863.9,Cotton
Alluvial,5.84,27.4,80.1,1575.7,Paddy
Black,7.56,27.7,51.8,803.8,Cotton
Clayey,6.8,16.5,51.5,493.8,Wheat
Laterite,4.86,20.1,91.5,2121.2,Tea
Black,7.0,26.9,56.9,381.8,Black Gram
Alluvial,6.85,34.5,85.5,1969.3,Jute
Red,6.43,23.8,64.7,643.6,Maize
Loamy,6.63,28.1,75.2,1395.7,Banana
Loamy,7.36,27.2,41.3,579.6,Black Gram
Loamy,7.31,34.3,74.4,1478.5,Sugarcane
Loamy,6.52,20.9,45.9,368.2,Wheat
Clayey,6.6,28.9,78.1,1547.7,Paddy
Clayey,6.75,27.7,80.1,1447.3,Paddy
Sandy,6.76,30.0,54.8,538.1,Groundnut
Sandy,6.66,27.8,51.9,586.2,Groundnut
Red,6.32,28.9,75.9,1753.1,Coconut
Red,5.93,23.6,43.5,367.1,Millets
Sandy,6.08,28.1,39.6,423.3,Millets
Sandy,7.01,26.7,53.0,559.0,Groundnut
Clayey,6.32,29.3,80.4,1360.9,Banana
Loamy,6.64,26.6,69.2,879.4,Maize
Loamy,6.75,29.9,59.4,477.1,Black Gram
Laterite,4.87,19.4,89.3,2283.5,Tea
Red,6.96,22.8,63.6,755.4,Maize
Loamy,7.27,19.8,37.8,365.6,Chickpea
Alluvial,6.39,28.5,74.2,1687.3,Coconut
Clayey,6.42,28.2,81.1,1731.7,Paddy
Laterite,5.1,19.1,87.1,2281.5,Tea
Alluvial,8.07,32.2,54.3,802.8,Cotton
Alluvial,6.53,33.7,85.2,1587.5,Paddy
Black,7.73,26.4,61.5,762.1,Cotton
Alluvial,6.51,28.8,79.1,1386.9,Banana
Loamy,7.13,19.7,47.0,453.7,Wheat
Red,6.1,28.2,41.2,467.8,Millets
Loamy,6.73,19.7,52.0,516.9,Wheat
Alluvial,7.27,32.6,76.7,1348.8,Sugarcane
Clayey,6.57,31.8,77.2,1334.3,Banana
Loamy,6.68,29.6,81.3,1449.5,Banana
Black,7.04,28.8,59.4,994.7,Cotton
Loamy,4.44,16.0,88.4,2271.3,Tea
Clayey,6.55,29.6,81.2,1742.2,Paddy
Alluvial,6.41,27.6,81.3,1614.0,Paddy
Black,7.19,20.2,44.7,425.7,Chickpea
Sandy,6.46,28.7,72.2,1869.0,Coconut
Clayey,7.04,26.4,77.1,1843.5,Paddy
Loamy,6.89,30.7,84.6,1464.7,Banana
Sandy,5.97,31.7,73.2,1708.6,Coconut
Alluvial,6.58,28.6,82.1,1749.3,Paddy
Black,7.64,29.4,48.7,973.9,Cotton
Sandy,6.74,30.6,67.4,1783.4,Coconut
Black,7.56,32.0,54.8,861.2,Cotton
Loamy,6.58,24.5,70.9,816.9,Maize
Clayey,6.96,31.8,67.6,1288.6,Sugarcane
Red,6.36,28.1,77.9,1759.2,Coconut
Alluvial,6.13,27.2,80.0,1364.2,Paddy
Alluvial,6.97,18.4,56.3,518.0,Wheat
Clayey,7.22,28.9,49.0,513.3,Black Gram
Alluvial,6.29,29.2,80.2,1294.9,Banana
Loamy,6.41,25.8,63.2,905.3,Maize
Loamy,6.9,29.4,46.9,477.9,Black Gram
Sandy,6.05,26.2,82.5,1590.9,Coconut
Black,7.15,28.2,55.2,413.9,Black Gram
Clayey,6.93,32.0,83.6,1821.5,Jute
Red,6.58,29.7,73.9,1998.2,Coconut
Alluvial,6.63,22.4,62.1,837.3,Maize
Sandy,6.66,30.9,70.5,1786.0,Coconut
Loamy,6.3,29.2,67.5,768.9,Maize
Alluvial,6.3,29.4,74.1,1667.6,Coconut
Loamy,5.15,15.0,85.4,2353.6,Tea
Laterite,5.68,27.5,43.5,376.0,Millets
Black,7.83,33.2,53.5,773.5,Cotton
Loamy,6.62,16.2,46.3,473.6,Wheat
Loamy,6.76,14.0,52.3,546.5,Wheat
Laterite,5.06,16.9,90.3,2525.5,Tea
Alluvial,6.19,28.9,80.4,1363.7,Banana
Loamy,6.93,18.2,53.3,505.0,Wheat
Black,7.98,30.8,63.6,823.9,Cotton
Alluvial,6.92,28.7,80.5,1662.6,Coconut
Red,6.65,22.7,70.8,724.3,Maize
Black,7.56,26.7,59.6,761.7,Cotton
Loamy,7.29,18.8,43.7,507.5,Wheat
Black,7.89,18.5,41.1,437.9,Chickpea
Red,6.08,26.9,79.4,1976.1,Coconut
Alluvial,6.39,29.6,70.3,1713.7,Coconut
Laterite,4.68,18.1,80.7,2666.0,Tea
Red,5.62,21.2,80.3,1736.1,Coffee
Laterite,4.87,22.3,86.1,2328.1,Tea
Red,6.12,27.1,66.2,770.7,Maize
Loamy,7.01,20.6,41.9,334.2,Chickpea
Black,7.52,27.2,62.2,866.9,Cotton
Laterite,5.67,18.4,77.6,1805.4,Coffee
Laterite,5.44,17.3,90.8,2326.4,Tea
Alluvial,6.42,24.7,82.2,1451.9,Banana
Alluvial,6.37,31.1,81.5,1282.5,Banana
Red,6.24,24.4,53.5,572.6,Groundnut
Clayey,6.93,26.4,84.5,1740.4,Paddy
Loamy,5.67,25.9,75.9,1653.5,Coffee
Black,7.63,17.2,46.7,411.2,Chickpea
Loamy,6.99,26.8,78.6,1358.7,Banana
Laterite,5.9,27.0,40.0,397.4,Millets
Alluvial,6.46,27.0,80.6,1251.2,Banana
Loamy,6.21,24.5,68.6,687.9,Maize
Red,6.64,21.2,70.3,838.0,Maize
Alluvial,6.69,13.2,48.9,541.1,Wheat
Loamy,7.24,18.3,45.0,518.9,Wheat
Red,5.91,21.3,74.6,1753.8,Coffee
Sandy,6.09,30.3,76.4,1756.4,Coconut
Black,7.42,19.4,41.4,393.0,Chickpea
Alluvial,6.68,30.5,86.3,1717.1,Jute
Black,7.68,32.4,62.6,844.1,Cotton
Red,5.83,28.3,50.0,462.1,Groundnut
Alluvial,6.19,26.5,72.7,1732.7,Paddy
Clayey,7.21,31.7,65.9,1282.6,Sugarcane
Laterite,4.77,15.3,86.7,2396.4,Tea
Clayey,7.69,28.8,56.1,362.5,Black Gram
Loamy,7.07,21.4,47.7,573.8,Wheat
Sandy,6.12,27.7,76.3,1769.5,Coconut
Alluvial,6.51,19.1,41.6,558.7,Wheat
Sandy,6.05,28.4,39.0,436.9,Millets
Laterite,6.0,18.4,72.9,1820.3,Coffee
Alluvial,6.87,32.3,86.3,1607.1,Jute
Alluvial,6.7,29.1,88.9,1775.0,Jute
Laterite,4.99,18.3,83.8,2342.7,Tea
Alluvial,6.65,26.6,82.5,1682.8,Paddy
Loamy,6.29,26.0,78.7,1150.0,Banana
Laterite,6.51,33.0,51.2,414.2,Millets
Black,7.44,28.4,60.4,775.5,Cotton
Loamy,6.43,16.3,49.7,458.3,Wheat
Black,7.51,18.1,36.3,407.0,Chickpea
Loamy,7.35,16.0,45.2,544.4,Wheat
Black,7.3,21.0,41.2,367.9,Chickpea
Clayey,7.28,29.4,71.6,1549.6,Sugarcane
Loamy,6.77,28.8,78.8,1473.1,Banana
Laterite,5.66,21.8,76.4,1677.3,Coffee
Sandy,6.13,25.0,53.4,592.0,Groundnut
Loamy,6.78,27.8,78.3,1277.5,Banana
Alluvial,7.22,27.2,65.7,942.2,Cotton
Clayey,6.55,25.6,72.6,1690.0,Paddy
Clayey,6.55,27.2,76.8,1340.9,Sugarcane
Red,6.2,26.1,63.0,718.1,Maize
Red,5.8,20.8,78.1,1681.4,Coffee
Loamy,7.36,31.3,58.4,547.0,Black Gram
Red,6.57,27.0,52.6,441.2,Groundnut
Clayey,6.76,32.6,70.5,1297.2,Sugarcane
Alluvial,6.84,13.1,48.3,551.3,Wheat
Black,7.49,29.6,56.1,804.4,Cotton
Alluvial,7.08,18.0,50.0,518.2,Wheat
Alluvial,7.17,30.2,72.4,1387.1,Sugarcane
Black,7.13,30.8,54.1,502.5,Black Gram
Loamy,7.48,27.1,73.3,1500.5,Sugarcane
Loamy,5.91,22.4,67.0,672.8,Maize
Loamy,7.21,27.6,55.7,552.3,Black Gram
Loamy,5.28,15.9,85.3,2350.5,Tea
Black,7.49,20.9,33.5,340.1,Chickpea
Sandy,6.19,29.9,55.7,586.6,Groundnut
Alluvial,6.77,27.3,71.1,1937.5,Coconut
Black,7.71,17.4,44.7,351.1,Chickpea
Laterite,5.61,20.6,73.8,1741.6,Coffee
Red,6.34,27.3,55.6,629.2,Groundnut
Red,6.31,28.1,47.2,355.2,Millets
Sandy,6.24,25.9,54.1,637.2,Groundnut
Laterite,5.24,20.9,91.2,2324.1,Tea
Clayey,6.3,27.1,84.5,1656.5,Paddy
Red,6.24,29.9,54.8,531.2,Groundnut
Alluvial,7.42,27.6,57.3,603.6,Cotton
Red,6.3,26.5,49.0,412.4,Millets
Sandy,5.83,28.5,75.7,1720.2,Coconut
Loamy,5.3,19.9,87.1,2189.3,Tea
Sandy,6.3,29.4,75.5,1509.0,Coconut
Clayey,6.59,29.0,85.6,1712.7,Paddy
Sandy,6.61,26.0,57.2,650.9,Groundnut
Clayey,6.82,31.3,74.4,1332.8,Sugarcane
Alluvial,7.52,31.0,74.3,1403.7,Sugarcane
Alluvial,7.33,31.3,60.3,773.7,Cotton
Black,7.0,20.6,34.7,363.7,Chickpea
Red,6.07,29.8,56.2,523.5,Groundnut
Alluvial,5.97,24.5,66.9,604.1,Maize
Alluvial,7.03,32.5,85.5,1910.6,Jute
Loamy,6.86,29.6,80.6,1339.3,Banana
Alluvial,6.55,27.6,84.0,1265.2,Banana
Loamy,6.85,31.7,49.8,378.4,Black Gram
Clayey,7.45,32.2,73.1,1251.4,Sugarcane
Black,7.03,27.4,53.5,993.6,Cotton
Alluvial,6.96,31.7,87.4,1781.7,Jute
Sandy,5.99,28.2,52.7,385.3,Millets
Laterite,5.74,23.3,71.8,1551.3,Coffee
Laterite,6.29,23.5,79.5,1726.9,Coffee
Red,5.86,19.5,78.2,1928.1,Coffee
Black,7.72,25.4,59.9,948.7,Cotton
Clayey,6.52,28.3,81.7,1570.0,Paddy
Alluvial,5.99,28.8,81.1,1564.2,Paddy
Alluvial,6.8,31.7,86.4,1881.3,Jute
Black,7.91,28.0,56.6,794.2,Cotton
Clayey,6.78,28.7,83.1,1735.1,Paddy
Alluvial,6.88,34.3,82.0,1870.4,Jute
Sandy,6.12,25.8,63.4,611.1,Groundnut
Laterite,5.66,21.9,79.8,1758.2,Coffee
Sandy,5.33,25.9,44.7,406.8,Millets
Red,6.46,25.3,54.2,487.3,Groundnut
Black,6.82,27.1,48.8,479.4,Black Gram
Clayey,5.76,29.2,90.0,1801.0,Paddy
Loamy,6.3,29.0,64.8,710.1,Maize
Red,5.49,33.2,40.9,426.6,Millets
Loamy,6.62,29.7,63.8,600.9,Maize
Loamy,6.1,19.2,76.5,1696.2,Coffee
Red,5.71,26.1,46.4,334.2,Millets
Loamy,7.42,29.5,47.3,476.6,Black Gram
Black,7.28,17.4,44.0,370.1,Chickpea
Loamy,5.37,17.7,87.0,2361.3,Tea
Alluvial,6.35,27.8,77.1,1881.4,Coconut
Black,6.72,21.7,38.0,350.7,Chickpea
Sandy,6.62,25.1,54.6,630.2,Groundnut
Loamy,7.64,29.3,53.6,484.7,Black Gram
Sandy,6.64,28.9,79.5,1809.4,Coconut
Laterite,5.43,21.7,74.7,1602.1,Coffee
Red,5.43,27.8,45.5,493.9,Millets
Red,6.67,27.9,49.8,545.9,Groundnut
Black,7.4,18.7,46.4,470.1,Chickpea
Loamy,6.98,30.3,76.8,1402.1,Sugarcane
Alluvial,8.13,27.1,48.9,772.2,Cotton
Alluvial,6.74,15.6,55.5,530.1,Wheat
Black,7.14,28.0,62.6,799.0,Cotton
Clayey,6.72,33.5,87.2,1936.4,Jute
Sandy,6.2,24.8,52.7,609.6,Groundnut
Laterite,5.61,18.7,76.4,1786.0,Coffee
Sandy,6.31,26.9,62.8,507.0,Groundnut
Red,6.12,25.8,60.4,521.3,Groundnut
Alluvial,6.51,28.8,72.2,1822.3,Coconut
Sandy,6.94,25.1,58.1,594.6,Groundnut
Red,6.4,31.5,56.5,631.5,Groundnut
Black,7.34,18.4,41.5,342.5,Chickpea
Clayey,7.01,32.7,86.2,1941.1,Jute
Loamy,7.48,34.1,76.6,1469.3,Sugarcane
Clayey,6.34,25.7,77.1,1449.7,Paddy
Alluvial,6.85,31.8,82.9,1500.0,Jute
Loamy,7.75,32.3,76.1,1088.6,Sugarcane
Alluvial,7.67,25.8,57.0,761.1,Cotton
Clayey,7.13,30.0,87.5,1867.2,Jute
Loamy,7.17,18.5,49.4,580.0,Wheat
Alluvial,6.37,27.6,78.0,1594.9,Paddy
Loamy,6.89,18.7,42.2,550.8,Wheat
Laterite,5.39,20.1,73.6,1706.9,Coffee
Sandy,6.92,30.2,80.1,1779.5,Coconut
Clayey,7.0,32.7,81.6,1905.1,Jute
Loamy,7.19,17.8,46.8,563.5,Wheat
Clayey,7.29,29.0,46.8,494.4,Black Gram
Laterite,5.49,21.4,72.9,1631.1,Coffee
Loamy,6.88,30.2,79.5,1458.8,Banana
Red,6.54,26.3,64.0,756.5,Maize
Red,6.26,26.6,75.3,1945.4,Coconut
Black,6.81,26.8,53.7,526.4,Black Gram
Red,5.1,24.6,47.7,400.7,Millets
Loamy,7.61,32.6,75.0,1367.6,Sugarcane
Clayey,7.01,34.4,83.4,1793.2,Jute
Red,5.54,21.6,85.3,1811.2,Coffee
Black,7.28,17.9,48.1,325.7,Chickpea
Clayey,6.72,27.0,81.1,1866.7,Paddy
Red,5.75,21.8,75.8,1811.6,Coffee
Alluvial,5.86,31.7,70.3,1650.0,Coconut
Laterite,5.46,22.0,80.2,2043.5,Coffee
Clayey,7.46,29.4,75.5,1099.7,Sugarcane
Black,7.53,18.9,38.5,398.0,Chickpea
Sandy,6.21,25.7,54.9,610.3,Groundnut
Sandy,6.11,28.4,68.9,1747.4,Coconut
Loamy,6.58,28.1,79.3,1479.5,Banana
Alluvial,7.12,27.4,48.6,952.3,Cotton
Alluvial,7.93,31.4,51.5,968.4,Cotton
Clayey,7.16,16.3,45.2,472.5,Wheat
Black,7.3,16.3,52.9,423.3,Chickpea
Loamy,7.23,19.5,51.3,477.2,Chickpea
Black,7.52,31.0,49.1,875.7,Cotton
Red,6.38,23.4,63.6,825.8,Maize
Alluvial,6.43,29.4,83.1,1470.8,Paddy
Loamy,7.25,20.4,50.0,471.0,Wheat
Black,7.72,18.7,42.0,441.2,Chickpea
Clayey,6.66,35.8,84.1,1943.2,Jute
Clayey,6.25,27.0,80.9,1689.1,Paddy
Alluvial,6.27,28.7,71.0,1923.3,Coconut
Alluvial,7.62,26.7,57.5,893.1,Cotton
Black,7.31,18.2,42.8,447.3,Chickpea
Clayey,6.84,30.2,84.5,1510.2,Paddy
Loamy,7.16,16.1,54.5,598.6,Wheat
Sandy,7.28,27.9,58.0,497.1,Groundnut
Sandy,6.41,28.1,48.5,609.2,Groundnut
Black,7.62,28.9,57.4,414.2,Black Gram
Alluvial,6.57,30.9,90.6,1900.2,Jute
Alluvial,6.66,33.0,89.4,1760.4,Jute
Laterite,4.98,18.8,89.8,2298.0,Tea
Loamy,6.98,15.5,41.1,353.3,Chickpea
Laterite,5.89,21.4,71.5,1638.9,Coffee
Red,5.8,30.3,42.6,404.5,Millets
Clayey,6.93,29.6,69.1,1286.5,Sugarcane
Sandy,6.57,28.3,72.3,1846.6,Coconut
Loamy,7.0,34.3,71.7,1203.7,Sugarcane
Alluvial,5.8,26.4,65.4,723.0,Maize
Laterite,5.7,21.4,75.8,1633.5,Coffee
Sandy,5.75,27.9,45.1,441.8,Millets
Loamy,6.21,19.5,52.3,464.8,Wheat
Alluvial,6.16,24.9,59.8,670.9,Maize
Loamy,7.43,30.3,44.1,448.3,Black Gram
Clayey,7.16,31.9,73.8,1438.0,Sugarcane
Alluvial,6.46,33.4,84.1,1869.7,Jute
Sandy,6.47,24.6,44.8,405.6,Millets
Red,5.86,32.4,43.0,426.1,Millets
Red,6.02,30.0,73.9,1868.1,Coconut
Alluvial,6.03,15.7,51.9,542.6,Wheat
Alluvial,6.28,33.0,81.7,1825.7,Jute
Loamy,7.79,27.3,48.6,481.6,Black Gram
Black,7.03,21.9,44.4,400.0,Chickpea
Loamy,6.57,25.7,67.3,794.8,Maize
Laterite,5.46,21.2,74.8,1659.0,Coffee
Red,5.51,20.8,66.9,1805.7,Coffee
Sandy,6.41,23.0,55.5,528.3,Groundnut
Laterite,4.99,19.4,86.9,2101.2,Tea
Clayey,6.72,29.6,75.7,1466.3,Sugarcane
Red,6.28,27.8,38.7,419.0,Millets
Sandy,6.33,28.4,70.1,1400.0,Coconut
Loamy,7.45,31.1,73.4,1437.9,Sugarcane
Sandy,6.11,26.4,65.0,435.8,Groundnut
Laterite,5.18,17.2,82.5,2297.5,Tea
Clayey,7.2,33.3,67.2,1336.2,Sugarcane
Red,5.74,27.5,37.9,496.0,Millets
Clayey,6.36,26.3,84.5,1756.5,Paddy
Laterite,4.74,20.3,87.6,2403.5,Tea
Red,6.65,28.7,68.6,654.2,Maize
Black,7.18,20.5,39.8,369.8,Chickpea
Black,8.08,26.4,54.2,900.1,Cotton
Sandy,6.03,30.3,48.5,513.2,Groundnut
Clayey,7.37,34.3,79.9,1281.7,Sugarcane
Loamy,6.78,25.9,67.5,736.9,Maize
Alluvial,6.73,23.1,66.9,804.4,Maize
Sandy,6.48,26.2,47.4,604.2,Groundnut
Sandy,6.02,27.4,52.0,420.0,Groundnut
Red,6.17,23.9,66.3,643.8,Maize
Black,6.94,23.9,61.3,913.7,Cotton
Loamy,5.27,21.1,73.4,1779.1,Coffee
Red,6.31,27.1,42.5,577.9,Millets
Clayey,7.2,30.5,65.8,1261.9,Sugarcane
Alluvial,6.76,30.5,82.6,1370.4,Banana
Red,6.17,24.0,55.5,654.7,Groundnut
Alluvial,6.91,33.7,95.0,1967.2,Jute
Alluvial,6.88,24.7,77.3,1741.0,Paddy
Black,7.56,32.4,50.6,891.0,Cotton
Alluvial,6.96,33.3,89.0,1983.3,Jute
Alluvial,7.07,30.4,72.3,1513.4,Banana
Sandy,6.65,23.7,52.3,556.8,Groundnut
Red,5.81,26.1,43.7,331.6,Millets
Black,7.48,33.1,54.1,671.9,Cotton
Clayey,5.81,26.5,81.4,1500.2,Paddy
Black,7.28,29.9,57.4,808.0,Cotton
Laterite,5.05,23.0,87.3,2414.4,Tea
Loamy,4.89,19.4,87.5,2359.0,Tea
Clayey,7.21,33.6,79.4,1926.5,Jute
Black,6.94,29.3,56.7,859.0,Cotton
Loamy,6.86,17.0,53.3,533.4,Wheat
Alluvial,6.59,19.8,44.0,537.3,Wheat
Clayey,6.69,27.0,81.1,1456.9,Paddy
Loamy,6.99,28.8,78.8,1358.3,Sugarcane
Alluvial,6.89,34.0,71.7,1200.7,Sugarcane
Alluvial,7.1,29.6,49.1,849.0,Cotton
Sandy,5.73,21.0,54.0,484.9,Groundnut
Red,6.89,27.4,53.6,565.9,Groundnut
Clayey,6.13,25.7,84.3,1461.8,Paddy
Black,7.4,19.7,46.0,327.2,Chickpea
Laterite,5.9,20.5,76.1,1966.8,Coffee
Sandy,7.02,26.1,51.8,544.0,Groundnut
Black,7.38,28.2,52.7,884.2,Cotton
Black,7.82,27.9,59.4,701.8,Cotton
Red,6.53,25.5,39.6,477.1,Millets
Laterite,5.79,22.3,76.1,1556.4,Coffee
Laterite,5.37,20.2,80.6,1635.0,Coffee
Sandy,6.41,30.9,73.5,1715.4,Coconut
Sandy,6.36,27.5,46.2,653.6,Groundnut
Red,6.65,22.2,65.8,774.7,Maize
Clayey,6.17,30.8,82.0,1577.5,Paddy
Alluvial,6.47,30.4,62.7,1407.5,Sugarcane
Clayey,6.67,28.2,75.0,1212.8,Banana
Red,6.33,29.2,45.5,441.4,Millets
Alluvial,7.08,27.4,49.9,794.5,Cotton
Sandy,6.61,26.6,50.8,643.6,Groundnut
Sandy,6.46,26.2,47.9,611.9,Groundnut
Loamy,6.67,27.9,74.7,1547.0,Banana
Alluvial,7.28,31.4,79.1,1484.3,Sugarcane
Alluvial,6.57,17.7,53.4,545.9,Wheat
Laterite,5.81,20.6,74.2,1883.7,Coffee
Clayey,6.61,28.7,80.2,1718.9,Paddy
Alluvial,7.63,31.2,61.3,896.0,Cotton
Alluvial,6.57,31.0,87.8,1437.8,Paddy
Alluvial,6.94,29.8,85.5,1950.1,Jute
Loamy,6.74,24.4,65.6,737.7,Maize
Loamy,4.82,16.5,93.7,2176.3,Tea
Loamy,6.94,29.7,79.6,1477.5,Sugarcane
Red,6.05,26.9,46.9,428.0,Millets
Clayey,7.05,28.4,86.5,1445.9,Banana
Red,6.05,22.4,65.5,819.0,Maize
Red,6.25,28.3,46.4,429.4,Millets
Clayey,6.54,31.1,84.4,1918.0,Jute
Loamy,7.29,18.0,46.4,541.7,Wheat
Black,7.41,30.3,53.6,860.5,Cotton
Loamy,6.78,30.7,51.2,515.1,Black Gram
Clayey,6.43,29.2,80.0,1760.0,Paddy
Red,6.09,28.8,42.0,322.3,Millets
Loamy,6.22,25.4,61.7,551.7,Maize
Clayey,6.56,30.6,86.8,1730.5,Jute
Loamy,6.69,29.0,49.7,406.2,Black Gram
Red,6.48,22.5,71.3,707.4,Maize
Red,5.42,28.1,40.4,439.0,Millets
Sandy,5.7,32.4,45.9,448.3,Millets
Alluvial,6.0,28.4,81.7,1626.8,Coconut
Alluvial,6.65,25.7,76.0,1852.1,Paddy
Clayey,7.05,30.5,89.9,1719.5,Jute
Loamy,6.62,28.4,79.0,1374.5,Banana
Clayey,7.08,29.3,69.3,1515.4,Sugarcane
Alluvial,7.33,33.7,90.4,1777.4,Jute
Clayey,6.39,28.0,81.9,1558.8,Paddy
Sandy,6.63,21.4,54.0,590.0,Groundnut
Alluvial,7.31,34.7,69.6,1373.1,Sugarcane
Black,7.51,28.8,56.2,866.6,Cotton
Red,6.17,25.6,63.2,773.4,Maize
Clayey,5.97,23.4,84.9,1775.3,Paddy
Alluvial,7.55,22.1,46.1,520.4,Wheat
Loamy,5.16,17.4,89.6,2425.3,Tea
Sandy,6.25,25.0,53.6,524.7,Groundnut
Alluvial,6.51,31.1,86.8,1846.8,Jute
Alluvial,7.08,32.2,83.9,1892.0,Jute
Sandy,6.52,28.9,61.3,548.9,Groundnut
Alluvial,6.61,24.8,76.4,1939.0,Coconut
Sandy,6.28,30.0,56.1,554.5,Groundnut
Clayey,6.08,27.5,88.6,1492.8,Paddy
Alluvial,6.86,30.0,80.9,1862.5,Jute
Loamy,6.66,24.5,62.0,635.2,Maize
Alluvial,7.18,29.9,55.8,778.0,Cotton
Loamy,5.54,17.9,85.5,2463.0,Tea
Laterite,5.0,18.8,88.7,2383.0,Tea
Black,6.91,19.1,38.8,387.0,Chickpea
Clayey,7.46,30.1,72.9,1183.3,Sugarcane
Laterite,6.09,23.2,74.5,1868.3,Coffee
Black,7.21,30.8,57.6,758.0,Cotton
Alluvial,7.17,19.2,60.0,466.5,Wheat
Alluvial,6.58,28.2,79.9,1788.6,Coconut
Red,6.6,22.7,37.7,426.8,Millets
Laterite,5.23,16.0,89.4,2353.1,Tea
Alluvial,6.49,36.0,78.8,1765.6,Jute
Laterite,6.1,23.0,78.2,1854.1,Coffee
Alluvial,6.14,30.9,76.6,1884.6,Coconut
Sandy,5.86,29.6,44.8,483.5,Millets
Clayey,7.08,35.3,69.3,1146.9,Sugarcane
Loamy,6.74,27.8,71.1,783.9,Maize
Loamy,7.09,31.9,76.1,1378.8,Sugarcane
Alluvial,6.9,30.3,88.6,1814.7,Jute
Black,7.63,28.2,59.6,777.7,Cotton
Laterite,4.8,15.7,87.6,2369.7,Tea
Sandy,7.17,25.2,67.4,560.7,Groundnut
Sandy,5.95,28.7,57.3,543.9,Groundnut
Clayey,6.93,26.7,41.3,392.3,Black Gram
Laterite,4.94,15.6,86.4,2393.7,Tea
Black,7.69,20.0,40.3,342.9,Chickpea
Clayey,7.08,32.1,83.3,1797.8,Jute
Loamy,6.94,25.7,47.1,448.2,Black Gram
Alluvial,7.12,35.9,86.1,1904.3,Jute
Loamy,7.07,23.8,36.7,405.4,Chickpea
Clayey,6.75,28.7,81.9,1860.5,Paddy
Red,6.61,28.8,49.5,470.8,Millets
Loamy,7.53,32.6,74.0,1444.8,Sugarcane
Alluvial,7.13,33.0,90.8,1668.2,Jute
Loamy,7.34,32.2,72.1,1377.9,Sugarcane
Alluvial,6.12,28.7,79.6,1485.1,Banana
Loamy,7.12,32.8,71.6,1315.3,Banana
Alluvial,6.38,29.9,76.3,1890.9,Coconut
Clayey,6.32,26.0,76.6,1817.3,Paddy
Alluvial,6.98,32.0,83.4,1990.1,Jute
Laterite,4.74,17.7,85.8,2331.6,Tea
Loamy,6.5,15.2,49.8,525.6,Wheat
Clayey,6.44,29.3,87.9,1640.8,Paddy
Loamy,7.38,29.7,50.1,452.2,Black Gram
Clayey,6.96,26.4,50.8,446.4,Black Gram
Black,7.39,21.9,38.2,378.1,Chickpea
Loamy,6.71,25.7,62.9,788.0,Maize
Red,6.81,24.0,62.8,788.6,Maize
Laterite,6.15,26.3,43.6,428.2,Millets
Sandy,7.06,28.0,74.0,1640.0,Coconut
Sandy,6.49,27.8,78.3,1837.4,Coconut
Loamy,6.84,19.1,50.7,562.5,Wheat
Sandy,6.16,28.0,59.1,580.1,Groundnut
Alluvial,6.5,28.0,68.9,1698.0,Coconut
Red,6.38,23.1,44.3,522.6,Millets
Clayey,6.36,26.2,83.5,1300.1,Banana
Alluvial,6.99,32.6,88.0,1948.7,Jute
Loamy,6.36,21.9,71.8,765.2,Maize
Red,6.24,21.2,78.1,1858.9,Coffee
Loamy,7.29,28.5,51.0,439.7,Black Gram
Alluvial,6.08,29.1,85.2,1417.9,Banana
Clayey,7.16,29.0,71.4,1189.2,Sugarcane
Alluvial,6.63,30.3,90.1,1790.2,Jute
Alluvial,6.27,20.5,57.9,822.7,Maize
Loamy,6.07,21.6,66.0,1755.3,Coffee
Laterite,5.05,19.1,92.1,2254.7,Tea
Sandy,6.24,28.2,38.9,453.5,Millets
Loamy,6.2,17.9,48.8,448.4,Wheat
Black,7.56,20.9,39.5,315.0,Chickpea
Loamy,7.27,30.0,55.7,558.0,Black Gram
Sandy,6.88,30.7,74.7,1787.1,Coconut
Loamy,6.17,30.4,78.4,1544.5,Banana
Laterite,5.1,18.9,85.5,2184.6,Tea
Sandy,5.22,29.7,42.5,443.6,Millets
Black,7.57,33.0,49.1,902.9,Cotton
Laterite,5.99,23.9,70.7,1936.0,Coffee
Laterite,5.06,20.0,89.6,2314.6,Tea
Clayey,7.04,31.7,90.1,1962.1,Jute
Alluvial,6.58,29.7,74.5,1440.4,Banana
Red,6.46,25.2,62.2,593.3,Maize
Sandy,6.28,26.8,47.0,381.7,Millets
Red,6.23,29.5,42.0,394.3,Millets
Alluvial,6.65,27.4,78.6,1767.7,Paddy
Black,7.04,19.7,40.2,409.6,Chickpea
Alluvial,6.94,30.1,78.3,1458.5,Banana
Loamy,7.01,32.3,50.7,435.5,Black Gram
Laterite,4.89,17.4,85.5,2366.0,Tea
Alluvial,6.49,28.6,86.4,1902.8,Jute
Black,7.73,31.7,57.2,859.5,Cotton
Red,6.39,29.7,42.4,430.4,Millets
Laterite,5.16,17.4,82.9,2125.7,Tea
Alluvial,6.66,28.2,83.0,1940.5,Paddy
Sandy,6.72,23.5,50.1,606.5,Groundnut
Loamy,6.45,25.7,67.4,616.5,Maize
Alluvial,7.52,28.2,69.9,1899.2,Coconut
Loamy,6.69,30.3,74.8,1497.4,Banana
Alluvial,6.52,32.0,80.4,1949.9,Paddy
Laterite,5.75,23.5,78.3,1836.1,Coffee
Loamy,7.09,16.8,49.3,484.5,Wheat
Black,7.17,28.9,64.4,909.3,Cotton
Loamy,6.94,15.6,40.5,568.0,Wheat
Clayey,6.48,27.6,80.1,1643.6,Paddy
Clayey,6.43,29.2,86.4,1735.9,Paddy
Black,7.95,31.2,57.4,799.2,Cotton
Red,5.64,21.3,75.1,1807.3,Coffee
Clayey,7.02,25.9,51.3,382.4,Black Gram
Red,6.35,29.5,43.1,329.2,Millets
Sandy,5.64,25.5,53.7,434.7,Millets
Red,5.96,28.0,36.2,459.0,Millets
Clayey,7.26,32.0,86.1,1890.6,Jute
Sandy,6.77,25.2,55.2,626.3,Groundnut
Red,6.0,31.1,39.4,436.0,Millets
Laterite,5.0,19.6,76.7,1827.6,Coffee
Sandy,6.34,29.6,47.1,487.1,Millets
Loamy,6.26,27.6,77.3,1050.0,Sugarcane
Black,6.98,23.3,36.4,374.6,Chickpea
Laterite,5.72,20.9,73.4,1880.0,Coffee
Black,7.88,27.3,58.2,706.2,Cotton
Clayey,6.97,31.3,77.6,1576.8,Paddy
Sandy,6.53,29.9,79.0,1704.5,Coconut
Black,7.43,28.8,53.0,875.4,Cotton
Loamy,7.16,21.4,43.5,398.5,Chickpea
Clayey,6.89,24.3,54.1,442.5,Black Gram
Alluvial,6.78,31.3,85.4,1874.4,Jute
Laterite,4.78,16.0,90.3,2513.2,Tea
Black,7.35,19.9,35.6,388.6,Chickpea
Red,6.27,28.0,46.5,441.7,Millets
Sandy,6.8,25.5,56.6,474.9,Groundnut
Alluvial,6.49,28.7,90.8,1864.5,Jute
Black,7.66,18.9,44.5,367.2,Chickpea
Clayey,6.18,30.7,75.7,1402.4,Banana
Black,7.2,30.8,53.0,807.9,Cotton
Alluvial,7.73,33.1,52.3,915.4,Cotton
Sandy,6.59,26.3,53.3,555.0,Groundnut
Clayey,6.8,19.2,55.6,452.4,Wheat
Black,7.86,27.8,60.7,770.9,Cotton
Loamy,6.95,29.8,47.1,547.5,Black Gram
Black,7.94,20.1,45.3,351.3,Chickpea
Black,7.24,23.8,61.8,809.6,Cotton
Clayey,6.97,32.1,53.6,436.6,Black Gram
Red,6.0,25.8,38.0,400.9,Millets
Loamy,6.38,32.4,71.3,1314.7,Sugarcane
Loamy,7.16,28.0,54.5,484.6,Black Gram
Loamy,6.72,30.1,44.3,458.6,Black Gram
Loamy,6.65,30.3,49.7,461.6,Black Gram
Sandy,6.08,30.6,75.4,1817.0,Coconut
Black,6.78,18.1,43.2,372.8,Chickpea
Clayey,6.34,30.1,77.9,1431.6,Banana
Black,7.38,19.4,40.6,376.5,Chickpea
Sandy,6.31,31.2,39.3,401.1,Millets
Black,6.64,27.4,54.3,444.6,Black Gram
Alluvial,6.56,32.0,93.6,1805.3,Jute
Clayey,6.84,32.4,88.9,1772.7,Jute
Loamy,7.34,23.0,43.3,424.0,Chickpea
Sandy,6.42,24.1,56.5,544.5,Groundnut
Black,6.86,31.1,52.5,776.1,Cotton
Loamy,6.5,15.5,40.8,376.8,Chickpea
Laterite,5.37,16.4,82.6,2080.7,Tea
Loamy,5.04,16.9,82.7,2106.7,Tea
Red,6.48,27.4,44.5,401.4,Millets
Red,6.02,27.8,42.8,359.8,Millets
Red,6.53,27.3,57.1,580.0,Groundnut
Laterite,5.14,22.1,85.9,2601.4,Tea
Red,6.25,26.5,51.0,520.3,Groundnut
Loamy,6.38,26.1,60.8,687.8,Maize
Sandy,5.78,27.7,42.6,382.4,Millets
Alluvial,6.67,30.9,82.5,1882.0,Jute
Loamy,5.13,16.8,87.0,2583.9,Tea
Red,5.53,26.4,51.1,433.4,Millets
Clayey,6.72,28.3,72.8,1535.2,Banana
Clayey,6.38,25.6,85.7,1506.3,Paddy
Loamy,6.86,30.9,71.0,1097.4,Sugarcane
Red,6.7,24.4,63.8,872.3,Maize
Alluvial,7.1,32.6,73.1,1333.0,Sugarcane
Black,7.28,17.1,39.0,338.4,Chickpea
Alluvial,6.73,29.7,82.5,1519.3,Banana
Loamy,7.06,31.6,73.7,1435.9,Sugarcane
Clayey,6.84,28.5,87.1,1705.9,Paddy
Loamy,7.45,15.7,42.0,482.4,Wheat
Loamy,7.6,29.6,72.7,1372.9,Sugarcane
Loamy,7.27,16.8,45.0,551.0,Wheat
Clayey,7.39,32.2,87.8,2022.8,Jute
Clayey,7.39,29.1,75.2,1623.3,Sugarcane
Clayey,6.61,33.4,85.0,1715.1,Jute
Black,7.6,18.9,41.6,359.7,Chickpea
Alluvial,6.68,35.5,87.2,1775.1,Jute
Loamy,6.89,32.0,74.6,1326.5,Sugarcane
Black,7.28,23.0,39.2,353.8,Chickpea
Loamy,6.2,28.2,86.9,1443.8,Banana
Sandy,6.44,27.6,69.4,1906.4,Coconut
Black,7.34,27.3,59.4,653.8,Cotton
Red,5.66,28.1,43.2,454.3,Millets
Laterite,4.87,16.6,89.7,2322.3,Tea
Loamy,6.7,25.6,66.3,785.6,Maize
Alluvial,7.43,25.9,58.0,731.8,Cotton
Loamy,6.44,30.8,80.9,1449.3,Banana
Alluvial,6.47,26.6,82.8,1655.3,Paddy
Sandy,6.47,30.4,74.3,1575.6,Coconut
Alluvial,6.6,30.6,69.6,1756.6,Coconut
Laterite,5.75,23.0,73.1,1553.6,Coffee
Red,5.89,25.6,44.3,339.8,Millets
Alluvial,6.67,14.7,48.5,508.3,Wheat
Laterite,6.03,22.3,88.0,1495.1,Coffee
Alluvial,6.7,18.1,41.7,559.6,Wheat
Sandy,5.95,28.9,42.2,468.6,Millets
Loamy,6.65,19.6,47.7,437.2,Wheat
Alluvial,6.85,31.6,86.4,1843.8,Jute
Black,6.99,19.6,46.3,371.3,Chickpea
Red,6.47,29.1,56.4,588.2,Groundnut
Loamy,7.05,19.2,38.6,388.6,Chickpea
Alluvial,6.9,35.7,88.5,1853.3,Jute
Loamy,6.23,29.5,85.3,1355.8,Banana
Sandy,6.32,25.0,54.4,500.7,Groundnut
Clayey,7.26,30.5,52.1,462.1,Black Gram
Laterite,4.98,16.5,84.3,2120.7,Tea
Clayey,6.18,27.4,86.4,1764.9,Paddy
Sandy,6.42,29.9,72.9,1966.4,Coconut
Sandy,6.3,25.5,52.9,600.3,Groundnut
Red,6.12,26.7,61.0,557.7,Maize
Alluvial,6.53,16.5,50.2,588.0,Wheat
Alluvial,6.21,26.0,82.2,1702.6,Coconut
Black,7.64,32.2,57.2,771.1,Cotton
Laterite,5.67,19.8,78.0,1697.7,Coffee
Black,7.52,31.4,54.6,730.1,Cotton
Red,6.49,28.0,51.5,546.0,Groundnut
Loamy,7.11,34.3,76.9,1277.0,Sugarcane
Alluvial,6.76,20.3,51.2,502.8,Wheat
Laterite,5.78,20.4,75.5,1679.1,Coffee
Clayey,6.87,32.7,68.4,1351.1,Sugarcane
Loamy,6.51,28.1,52.0,488.9,Black Gram
Loamy,6.48,24.9,68.8,691.4,Maize
Alluvial,7.21,27.2,59.0,769.6,Cotton
Laterite,5.62,22.1,78.3,1771.6,Coffee
Clayey,6.81,30.8,75.2,1432.0,Sugarcane
Loamy,6.08,28.1,81.5,1517.7,Banana
Clayey,6.4,25.8,80.3,1666.8,Paddy
Alluvial,6.64,27.1,88.2,1772.8,Paddy
Black,7.61,20.3,44.2,305.5,Chickpea
Laterite,6.14,22.4,77.8,1625.4,Coffee
Alluvial,7.7,27.6,60.7,788.6,Cotton
Black,6.92,16.1,40.5,453.8,Chickpea
Red,6.81,25.2,56.2,467.6,Groundnut
Laterite,5.11,18.5,89.3,2447.7,Tea
Loamy,6.6,34.3,76.6,1595.1,Sugarcane
Black,7.01,19.5,41.4,334.4,Chickpea
Loamy,6.49,26.9,75.1,1527.1,Banana
Red,6.72,26.4,76.3,1948.4,Coconut
Clayey,6.51,31.6,80.8,1678.4,Paddy
Black,7.46,31.9,67.2,668.8,Cotton
Laterite,5.09,19.0,92.8,2537.8,Tea
Loamy,6.68,18.9,37.8,384.8,Chickpea
Clayey,7.4,30.7,59.6,440.9,Black Gram
Sandy,6.4,28.2,78.3,1710.0,Coconut
Loamy,7.34,26.8,45.7,456.7,Black Gram
Laterite,5.17,17.6,87.1,2551.7,Tea
Loamy,6.06,25.3,78.7,1431.7,Banana
Alluvial,6.39,19.0,44.6,534.0,Wheat
Sandy,6.65,25.8,73.0,1969.1,Coconut
Red,5.94,21.1,76.7,1715.6,Coffee
Loamy,6.04,24.4,60.2,755.0,Maize
Laterite,5.6,20.5,82.1,1718.6,Coffee
Clayey,7.02,28.9,46.1,391.5,Black Gram
Alluvial,6.5,30.8,79.5,1696.8,Coconut
Sandy,6.81,29.7,72.3,1903.5,Coconut
Black,7.77,26.4,51.1,742.6,Cotton
Black,7.22,18.1,37.6,411.7,Chickpea
Clayey,7.04,30.1,52.8,514.8,Black Gram
Alluvial,6.62,29.7,77.1,1390.0,Banana
Red,6.5,24.2,54.9,683.6,Maize
Alluvial,7.28,35.5,84.4,1678.5,Jute
Clayey,6.1,23.1,85.7,1677.7,Paddy
Red,5.74,24.8,45.7,422.2,Millets
Alluvial,7.17,33.3,76.7,1340.3,Sugarcane
Clayey,7.27,33.9,83.3,2050.1,Jute
Loamy,6.89,28.0,74.4,1559.1,Banana
Loamy,4.97,19.7,88.7,2295.0,Tea
Red,6.37,25.6,54.8,541.9,Groundnut
Loamy,6.5,25.6,60.6,691.3,Maize
Black,7.5,24.6,47.6,758.2,Cotton
Laterite,5.65,21.3,75.7,1776.1,Coffee
Clayey,6.38,27.2,81.6,1993.7,Paddy
Loamy,6.31,23.0,64.1,808.3,Maize
Sandy,5.89,26.2,51.1,621.2,Groundnut
Laterite,5.42,20.9,69.1,1931.1,Coffee
Clayey,7.06,33.6,76.0,1500.4,Sugarcane
Red,6.38,27.3,55.6,547.1,Groundnut
Laterite,5.59,17.8,71.7,1926.9,Coffee
Black,8.1,21.4,39.1,392.8,Chickpea
Laterite,5.65,20.2,74.9,1738.2,Coffee
Black,7.04,31.9,59.5,971.2,Cotton
Sandy,6.58,28.2,49.3,406.4,Millets
Clayey,6.67,28.5,82.9,1698.0,Paddy
Red,6.1,30.6,75.1,1635.9,Coconut
Black,7.35,21.8,38.6,385.1,Chickpea
Alluvial,6.82,19.7,50.1,401.2,Wheat
Red,6.47,24.0,51.7,644.3,Groundnut
Red,5.94,24.1,65.1,832.6,Maize
Alluvial,6.46,26.0,74.4,1988.1,Coconut
Black,7.05,19.5,47.7,430.4,Chickpea
Sandy,5.96,25.0,66.3,490.0,Groundnut
Red,6.22,22.1,51.9,618.8,Groundnut
Loamy,6.93,29.8,48.6,499.3,Black Gram
Loamy,7.75,34.1,68.4,1454.5,Sugarcane
